songid,excitedness,happiness,duration_ms,key,mode,time_signature,acousticness,danceability,energy,instrumentalness,liveness,loudness,speechiness,valence,tempo,name,response_count,response_excitedness,response_happiness
6RcwQer8mvE0cUhkSpT1gu,4.05734556318803,2.747349760045841,124640,2,0,5,0.994,0.352,0.00218,0.795,0.0853,-40.647,0.0539,0.334,131.709,Handel- Suite in Fa Major (Adagio),20,4.05734556318803,2.747349760045841
2hmC0upWZmAkg9ZwSDHD7Q,-6.663376815812453,1.415980230642503,301160,1,1,3,0.994,0.226,0.0293,0.892,0.107,-30.236,0.0448,0.0385,87.933,Intermezzo in B flat Minor Opus 117 No.2 (Johannes Brahms),20,-6.663376815812453,1.415980230642503
3r7HFP1c7F0TS5moDNjgk6,-3.5923319133172797,-0.1973846787479417,160787,2,0,4,0.921,0.377,0.504,0.951,0.071,-16.288,0.0322,0.944,134.259,Prelude and Fugue No 13 in F-sharp major,20,-3.5923319133172797,-0.1973846787479417
15biOfRTqZrfLxe6P1ddoh,-3.209495060156924,1.2806442567212306,152027,1,0,4,0.974,0.519,0.116,0.433,0.312,-22.742,0.0477,0.428,116.533,Trio Sonata in D minor-1 Allegro (Telemann),20,-3.209495060156924,1.2806442567212306
3alsYfAMWcYaBOhoxzp5Re,5.648315487895709,7.450576606260293,148560,11,1,4,0.98,0.407,0.0982,0.914,0.109,-24.18,0.0724,0.464,138.125,Suite in C Major-1 Prelude-Johann Gottfried Conradi,20,5.648315487895709,7.450576606260293
3bhUaQfHR9l98boGu6Q24a,-3.237483591969527,1.3853995057660606,681147,10,0,4,0.881,0.239,0.0867,0.000105,0.161,-21.704,0.0398,0.184,92.414,Sonnerie - from Handel Trio Sonatas,20,-3.237483591969527,1.3853995057660606
1wXZQNctwLAHBAXWkl9GHt,-5.14261900351917,-0.10008237232289964,142840,8,1,4,0.993,0.456,0.146,0.907,0.112,-18.886,0.0483,0.183,114.263,Carnaval Opus 9 - Preambule,20,-5.14261900351917,-0.10008237232289964
0K8yQhQqosSxnqUzgw7QGY,7.961084203930594,4.408119807914755,674267,11,0,4,0.899,0.283,0.141,0.000317,0.122,-17.676,0.0413,0.227,83.461,Biber: Sonata 6 in C Minor (from 8 Sonatas 1681),20,7.961084203930594,4.408119807914755
04cjhGLhlf3NKBGEPl1fEk,-4.628055628898969,-1.3670826176872655,164413,1,0,1,0.981,0.563,0.0609,0.107,0.118,-23.07,0.0426,0.436,94.522,Trio Sonata in D minor-3. Allegro (Telemann),20,-4.628055628898969,-1.3670826176872655
1WcJcEqsyUEeCKhVfj7ZCX,3.583310634867023,7.086805892043801,76707,4,1,3,0.995,0.469,0.0134,0.916,0.102,-26.023,0.0502,0.0357,122.441,Chopin Prelude In E Major Opus 28,20,3.583310634867023,7.086805892043801
1LAlEeMWSponkTegUkQjOI,-2.895819950897131,-1.5128290511409448,181907,9,1,4,0.986,0.217,0.0426,0.0123,0.112,-21.054,0.054,0.387,160.261,Sonata No. 2 BWV 1015 - 1. Dolce (J.S. Bach),20,-2.895819950897131,-1.5128290511409448
6aTENtwFV06NhEhi5V3ECj,-3.062641985855279,1.0024123323134848,246133,0,0,3,0.876,0.268,0.0932,2.94e-05,0.088,-21.951,0.0415,0.159,112.486,Sonata No. 4 BWV 1017 - 1. Largo (J.S. Bach),20,-3.062641985855279,1.0024123323134848
30M2CvrI43F81Agt6L68pd,-5.212631968883126,-1.345551894563427,43920,5,0,4,0.994,0.364,0.261,0.897,0.114,-20.162,0.0295,0.661,63.189,Chopin Prelude In G Minor Opus 28,20,-5.212631968883126,-1.345551894563427
1VdoJvF9iC6NDzG0059l9n,7.07964437858863,-2.662376441515651,247747,4,1,3,0.995,0.447,0.0324,0.888,0.132,-26.969,0.0439,0.0732,71.719,Intermezzo in E Major Opus 116 No.4 (Johannes Brahms),20,7.07964437858863,-2.662376441515651
1QKOTN5RT7TPve4xmIVOps,5.378152816970463,8.84409826533579,231093,7,1,4,0.956,0.229,0.117,0.434,0.305,-23.929,0.0439,0.336,94.279,Sonata BWV 1027 in G major: adagio,20,5.378152816970463,8.84409826533579
5M0AHL1MCcshA5htbnc0X1,-4.0428408728172665,0.12074555715237051,232187,11,0,4,0.422,0.154,0.111,0.000717,0.0964,-17.433,0.0364,0.144,137.423,Set a 5 in C Minor,20,-4.0428408728172665,0.12074555715237051
5IQypz1rEWTcj0S3YOKwNe,-4.122430079644378,-0.883690280065898,491293,1,1,4,0.9,0.29,0.146,0.667,0.129,-20.418,0.0359,0.186,94.402,Sonata for Oboe and Bassoc Continuo in G major: Andante (Sammartini),20,-4.122430079644378,-0.883690280065898
5upiiRig3NhF9Ab5HeIRXq,-5.07593998888683,2.287644151565073,502133,7,0,3,0.97,0.208,0.0772,2.73e-06,0.0729,-21.855,0.0498,0.0754,80.939,Confitebor (Monteverdi),20,-5.07593998888683,2.287644151565073
1ZY3Ve6hKOLxn5Y1BSN5Qz,-1.2288942396740132,3.7187088138385476,216800,2,1,4,0.953,0.301,0.0869,0.0347,0.111,-23.582,0.0376,0.287,83.66,Wachet auf ruft uns die Stimme (BWV 140) - Chorus,20,-1.2288942396740132,3.7187088138385476
7lA8yfEsWlarZiSRd3mQDW,5.234085217069182,4.9500483489721345,713227,2,1,3,0.942,0.507,0.159,0.754,0.124,-16.53,0.036,0.159,112.644,Fandango (Luigi Boccherini),20,5.234085217069182,4.9500483489721345
53bqTstpTJoH7ATnybwJVk,6.776322901822332,2.0567192280536597,132400,11,1,5,0.835,0.295,0.148,0.0133,0.143,-25.228,0.047,0.704,125.686,Froberger: Toccata III in C Major 1656,20,6.776322901822332,2.0567192280536597
3x2hBWjZ5hSI32RRYNDcUs,1.0628779886774522,2.1578952080796494,249500,9,0,4,0.974,0.498,0.456,0.902,0.101,-12.8,0.0311,0.628,101.151,Concerto in A Minor for Four Harpsichords BWV 1065: I Allegro,20,1.0628779886774522,2.1578952080796494
6y57WgLiErkmfjxUh91TUN,5.919429523985925,5.426688632619441,326227,0,1,4,0.982,0.21,0.265,0.113,0.136,-17.667,0.0416,0.182,84.027,Kyrie - Allegro moderato,20,5.919429523985925,5.426688632619441
4qxN1gUvvDuUEabzm0jkn3,5.724393406186329,-0.4841021416803965,535240,5,1,4,0.986,0.398,0.153,0.686,0.149,-17.385,0.0426,0.56,132.603,Oboe Quartet in F (K370) - Allegro,20,5.724393406186329,-0.4841021416803965
5sTiGK6oljvejJIVkeGvm4,0.934432302278199,7.064730917078529,274507,2,0,4,0.925,0.29,0.115,0.049,0.14,-16.963,0.0383,0.151,123.855,La Savorgnana (Giovanni Legrenzi),20,0.934432302278199,7.064730917078529
5Txwlv081K39njx353jh7r,-3.4989812928320054,0.30912788303130084,147320,1,1,4,0.944,0.459,0.287,0.0214,0.183,-16.162,0.0338,0.412,127.697,Gloria (Antonio Vivaldi),20,-3.4989812928320054,0.30912788303130084
1Eh3Jw3vLepRReEhbBPUqU,6.205134606247534,7.127927798868276,223333,7,0,5,0.992,0.492,0.0205,0.00133,0.109,-16.258,0.0434,0.437,132.478,Lenten is come,20,6.205134606247534,7.127927798868276
40q1FR5hnTGTdCzIP4Mzd3,-3.9538882298928475,0.5276210172105564,220120,9,0,4,0.913,0.285,0.0775,0.000786,0.0968,-20.364,0.0417,0.162,103.794,Sonata Prima Detta La Poggia (Marco Uccellini),20,-3.9538882298928475,0.5276210172105564
4yH5S4tzPlH7vAXaT2Ddya,-5.1576217818114465,0.05560131795716651,180093,0,0,4,0.861,0.333,0.476,0.0117,0.148,-17.9,0.0335,0.698,105.889,JS Bach: Partita in C minor (Sarabande),20,-5.1576217818114465,0.05560131795716651
3DNRdudZ2SstnDCVKFdXxG,-8.139745455507633,-1.3566721581548615,315427,1,0,3,0.995,0.184,0.00527,0.887,0.173,-37.264,0.0432,0.151,170.612,Sonata I Sostenuto,20,-8.139745455507633,-1.3566721581548615
6bzAzrOg2Mnik9qa0KiaXH,2.1531320614928693,6.411647446457989,149813,8,1,4,0.978,0.651,0.101,0.871,0.108,-19.241,0.051,0.455,96.355,Andreas Christi Sancte Andrea (Cristobal de Morales),20,2.1531320614928693,6.411647446457989
3BQFGCKyRr5OCLDainTXV5,-6.051022520510334,-0.1046613043899608,211693,11,1,4,0.907,0.579,0.0793,0.404,0.109,-24.799,0.0391,0.302,86.253,Sonata In C Major (Weiss) - Andante,20,-6.051022520510334,-0.1046613043899608
2mXFZQLccfYOYusYcuFeIg,-4.653116590218232,-0.2557660626029654,141507,3,1,4,0.966,0.345,0.317,0,0.38,-13.353,0.0448,0.312,113.591,Come again: sweet love doth now invite (John Dowland),20,-4.653116590218232,-0.2557660626029654
0d6SBWwgSnS1uGLSHZILzQ,-2.8266345619559177,-1.3340197693574962,94667,7,0,4,0.959,0.553,0.0828,0.85,0.0809,-23.288,0.0495,0.454,98.119,Prelude (Phalese),20,-2.8266345619559177,-1.3340197693574962
4WwTSDNUHnE5VydEeYkXj5,-5.520336009936481,-1.682866556836904,381347,4,1,4,0.969,0.454,0.196,0.874,0.12,-16.833,0.0421,0.234,114.758,Sinfonia in La Maggiore (Luigi Boccherini),20,-5.520336009936481,-1.682866556836904
4cTEg3C3RTD7ShgiAySaOb,7.8633189152675325,4.27737668378719,251173,3,1,1,0.943,0.393,0.0514,0.219,0.111,-33.033,0.0471,0.332,99.653,Sonata III in d minor (Allegro:Moderato),20,7.8633189152675325,4.27737668378719
4xxlVgbakgUa2VngV3XdVa,-1.435616732143379,2.4632359316743258,353653,0,0,4,0.993,0.328,0.005,0.0951,0.0952,-25.721,0.0374,0.0681,112.646,Sonata 1 (Largo),20,-1.435616732143379,2.4632359316743258
1RScV1DNccMvkyy0wHFrzX,-3.8635586110717663,0.734809574571179,86480,1,0,4,0.874,0.349,0.205,0.921,0.146,-17.608,0.0455,0.448,115.646,Rosenmuller Sonata Teraz a 2 Allegro,20,-3.8635586110717663,0.734809574571179
4kG6LyEa5ffkjbg1BAr489,1.559798655524443,1.5709225700164726,429693,0,1,5,0.899,0.278,0.201,0.000271,0.0753,-17.16,0.0394,0.418,137.324,Ballo Del Gran Ducca (Giovanni Battista Buonamente),20,1.559798655524443,1.5709225700164726
1gqOg3La1P3q0X3FMsHcZE,-2.58214484163734,1.7589640469037688,207493,11,0,4,0.992,0.218,0.0274,0.719,0.0887,-23.213,0.0367,0.0721,172.516,Chansons sans paroles (1989) op. 2 Pastorale,20,-2.58214484163734,1.7589640469037688
478yZ3EhghZ904UI5cWvzz,-5.921586786224028,-2.8413363698032765,125667,6,1,4,0.97,0.193,0.0772,0.925,0.339,-21.493,0.0447,0.217,82.953,Sonata in C major for oboe and basso continuo after BWV 1035 (adagio ma non tanto),20,-5.921586786224028,-2.8413363698032765
3STBE0r1t5DG7tTG67RFlT,-6.478160443655144,1.9100688051167742,205000,9,0,4,0.995,0.204,0.0404,0.889,0.0578,-23.926,0.0397,0.163,83.515,Drei Romanzen Op. 94 (Nicht schnell),20,-6.478160443655144,1.9100688051167742
7IRVyRWNANnrS7a34Co8Gu,-6.167514681368009,-4.117332105824209,193507,0,1,4,0.809,0.31,0.134,0.00495,0.135,-28.311,0.0376,0.351,105.326,Suite in d minor - Allemande la Loureuse,20,-6.167514681368009,-4.117332105824209
1okQeekaBL7DzFxS0j1s7l,-0.2652451979124671,-0.13824013954840703,310253,7,0,4,0.978,0.132,0.0083,0.00393,0.132,-30.221,0.0616,0.0391,80.347,Stabat Mater (Antonio Vivaldi),20,-0.2652451979124671,-0.13824013954840703
75tHHyxJw2u6EeMPaTNXHD,-0.032260876197117476,-5.25901250121136,168800,0,1,4,0.197,0.585,0.571,0,0.245,-8.342,0.0271,0.666,126.836,If I were fire,20,-0.032260876197117476,-5.25901250121136
5B02PJiyIStKXSbFHcbM3V,5.637024285543074,4.9489533869561,303987,7,0,3,0.994,0.382,0.028,0.934,0.131,-27.892,0.0541,0.396,76.461,Anon : Praeter rerum seriem,20,5.637024285543074,4.9489533869561
3IpsIq5aStFfJNtHZJFXVi,-4.146879051676236,0.3150741350906091,214067,7,1,4,0.968,0.388,0.18,0.894,0.119,-15.836,0.0375,0.344,81.15,La Ritirata Di Madrid (Luigi Boccherini),20,-4.146879051676236,0.3150741350906091
3GxIGhQrnWKJsMivcVn3Is,6.59233191331728,2.8600700164744635,240440,4,1,3,0.627,0.58,0.158,0.000161,0.104,-18.16,0.0454,0.153,132.511,If I were pope,20,6.59233191331728,2.8600700164744635
1BwEFhSaicS7sn7wUHMmE6,6.193597942974188,-0.23897664502374383,124984,8,1,3,0.98,0.256,0.0978,0,0.315,-18.318,0.0613,0.135,80.781,Phenix - Allegro,20,6.193597942974188,-0.23897664502374383
5zCFefmkIAQS0mrTGv1TFE,2.5399147990368576,5.024505766062601,141613,0,1,3,0.91,0.315,0.0796,0.00371,0.131,-19.112,0.0367,0.312,128.166,Avanti Il Quarto Brando (Giovanni Battista Buonamente),20,2.5399147990368576,5.024505766062601
0Fii43hRK9ocOwxylNvwLu,-2.6677162437488424,-1.0327429983525547,442000,4,1,4,0.908,0.235,0.0862,0.345,0.246,-23.546,0.0451,0.315,89.317,Les Delices de la Solitude Op. 20 - Sonata I in F major - Aria,20,-2.6677162437488424,-1.0327429983525547
1jUqIz1pKixLcPFN2hoWoF,-5.6382663456195585,2.170304777594729,203200,5,0,4,0.964,0.16,0.106,0.0163,0.0635,-19.918,0.0426,0.0346,90.922,Magnificat (Antonio Vivaldi),20,-5.6382663456195585,2.170304777594729
6fOnAgXSZQ5qOtRoSWEND6,3.9025854461065776,-0.7258697548212043,249800,5,1,3,0.981,0.207,0.0343,0.865,0.122,-25.427,0.0352,0.0555,133.731,Sinfonia In Re Minore (Luigi Boccherini),20,3.9025854461065776,-0.7258697548212043
7eujJx0u6PnmVWzqkNaG88,5.870008607258425,3.1692751235584837,424827,4,0,4,0.943,0.463,0.197,0.667,0.103,-21.519,0.0345,0.346,120.109,Chopin Prelude In B Minor Opus 28,20,5.870008607258425,3.1692751235584837
4PckZvzNatejKojNIKnCPu,-5.4685617162219575,-1.7332348095745724,131680,1,0,3,0.729,0.264,0.246,0.519,0.0806,-16.504,0.0401,0.167,105.259,Sonata II in D minor - Allegro,20,-5.4685617162219575,-1.7332348095745724
1f3MVDwSNuqBtMxloyLvvD,4.067975551027968,3.1851317957166385,111453,4,1,3,0.993,0.495,0.106,0.921,0.126,-23.852,0.0476,0.675,119.998,Waltz KK IVa no.12 in E major,20,4.067975551027968,3.1851317957166385
1Sa03TevW8uKcVieD3LHJ0,6.206541516402819,7.3162612656265145,201893,4,1,4,0.995,0.356,0.0271,0.899,0.0901,-27.716,0.0496,0.0665,76.451,Intermezzo in E Major Opus 116 No.6 (Johannes Brahms),20,6.206541516402819,7.3162612656265145
5tY3Nzjutp05g2OleVbthn,-4.640173016789601,-0.8433956778757642,124093,0,1,3,0.996,0.492,0.271,0.95,0.095,-26.848,0.0355,0.907,130.917,Sonata III in C major - Fuga da capella,20,-4.640173016789601,-0.8433956778757642
3NpNbK1v8O6uU0dQMJgkuz,3.5789961103908126,5.301531156119779,137453,11,1,4,0.576,0.308,0.46,0.0123,0.159,-10.307,0.0347,0.896,91.941,Trouble fete (Gorner),20,3.5789961103908126,5.301531156119779
7KJio7FwXuLrqvmmG1y4Rj,8.316343985269603,5.9563184417094694,28053,6,0,4,0.994,0.445,0.0606,0.785,0.0946,-29.517,0.0413,0.707,141.515,Chopin Prelude In C Sharp Minor Opus 28,20,8.316343985269603,5.9563184417094694
376Ex3IlFOpcXelKREEFH7,4.497989823823583,1.0538085085764117,99120,0,1,3,0.942,0.354,0.198,2.29e-05,0.185,-15.702,0.0388,0.52,129.764,Gagliard Seconda (Giovanni Battista Buonamente),20,4.497989823823583,1.0538085085764117
6ozOXbh1k3XBIHL9kzCAxf,-0.9641981630585184,1.3392286074231996,247067,7,1,4,0.986,0.288,0.0173,0.0189,0.0785,-25.41,0.0417,0.152,100.544,Alysoun,20,-0.9641981630585184,1.3392286074231996
2LxicsnwXNPR7fNpeNH7IQ,-5.6382663456195585,-0.6204695222405276,226573,0,0,4,0.863,0.243,0.366,0.0543,0.123,-20.578,0.0336,0.795,114.607,More Palatino (Jan Pieterszoon Sweelinck),20,-5.6382663456195585,-0.6204695222405276
7mKNB44OvbUvh1qx0solVl,-4.631998128308361,3.1842972340241023,197147,3,1,3,0.994,0.322,0.216,0.937,0.101,-22.957,0.0441,0.718,111.561,Suite No 4 in E flat major BWV 815: Allemande,20,-4.631998128308361,3.1842972340241023
5QxTjzD0DXchJGlUr7yleX,-2.239859233191331,-0.49361614497529055,212867,9,1,3,0.968,0.353,0.0518,2.22e-05,0.118,-21.811,0.0672,0.338,178.307,Oxenford (Anon),20,-2.239859233191331,-0.49361614497529055
5EJ55HhFMeWwhko26S6gbk,3.4366168026758768,5.620530090125013,207960,0,1,4,0.878,0.516,0.414,0.223,0.0749,-12.484,0.0352,0.745,103.62,BWV 1041 : I. Allegro,20,3.4366168026758768,5.620530090125013
6su8v0Uv3hsUOEaT9nm06s,3.462503949533138,2.480909002810349,35560,0,1,4,0.993,0.342,0.138,0.585,0.109,-27.027,0.0468,0.107,115.411,Chopin Prelude In C Major Opus 28,20,3.462503949533138,2.480909002810349
7ftsdGd4xeqDvpTjJbCdyO,-1.3783925127746965,2.1283312336466707,210373,7,0,3,0.989,0.353,0.261,0.748,0.17,-17.247,0.0524,0.812,94.467,BWV 1001 / IV. Presto,20,-1.3783925127746965,2.1283312336466707
2p07d16xdpMvjTfYJaMho9,3.334506390072235,0.6322075782537062,384240,11,1,4,0.995,0.352,0.0443,0.881,0.0931,-25.665,0.0378,0.247,142.352,Romance in B Major Opus 28 No.3 (Robert Schumann),20,3.334506390072235,0.6322075782537062
0hQUa3OzVogaAhPVMOFgsf,4.394441236394539,1.6246487062699877,149360,3,1,4,0.689,0.344,0.44,0.0197,0.09,-13.185,0.0463,0.529,120.506,Premier Concert - Coulicam (Rameau),20,4.394441236394539,1.6246487062699877
78LNt4v31eS7gqs3S4O8WZ,2.3364130612422778,-0.9441321833511006,156827,8,1,4,0.995,0.354,0.085,0.88,0.106,-29.974,0.0428,0.0831,113.898,Chopin Prelude In A Flat Major Opus 28,20,2.3364130612422778,-0.9441321833511006
6cl48ySVcpRv8jqLW0fXxr,-3.190492792782977,3.2868010466130437,205040,4,1,3,0.775,0.493,0.285,0.00147,0.087,-17.35,0.0344,0.671,131.304,Matteis: Ground After the Scotch Humour,20,-3.190492792782977,3.2868010466130437
5vDxKfWT8CwAKdIVAPC7w2,4.847466306396609,3.9751671673611773,590573,7,1,4,0.917,0.195,0.0416,0.302,0.0951,-21.002,0.0461,0.0402,107.264,Sonata No. 1 in E minor Op. 50 - Andante ,20,4.847466306396609,3.9751671673611773
1BwEFhSaicS7sn7wUHMmE6,2.0387108723837746,4.529217947475531,124984,8,1,3,0.98,0.256,0.0978,0,0.315,-18.318,0.0613,0.135,80.781,Phenix - Allegro,20,2.0387108723837746,4.529217947475531
27xdEutt3SrBR3LfWoEfAr,2.2199209003846025,5.754845430758795,119360,10,1,4,0.995,0.624,0.397,0.931,0.0717,-21.087,0.0539,0.686,103.963,Sonata IV in B-flat major - Bruit de chasse,20,2.2199209003846025,5.754845430758795
0cNkTX5z7HF9ZO6IpuHY6t,5.188044082237452,5.4526359143327845,305667,3,1,3,0.996,0.406,0.00699,0.946,0.0803,-33.418,0.0773,0.0697,79.031,Intermezzo in E flat Major Opus 117 No.1 (Johannes Brahms),20,5.188044082237452,5.4526359143327845
3WvlPjx0LsThdnDOybICr1,-8.440729764771254,0.10100906095551808,286267,11,0,4,0.988,0.553,0.0333,0,0.0748,-26.201,0.0478,0.314,101.845,Ma belle si ton ame (Gilles Durant de la Bergerie),20,-8.440729764771254,0.10100906095551808
0AyptO1NDrEW51CeG46JvZ,-1.6049050477757318,1.3140444810543657,159242,2,0,4,0.962,0.374,0.116,0.909,0.0984,-22.755,0.0369,0.411,96.475,Toccata XX,20,-1.6049050477757318,1.3140444810543657
2G4PNYSG5MFebgYEkjhV5X,-4.174204373358901,1.5407016183738733,198120,2,1,4,0.902,0.367,0.199,0.0034,0.189,-16.145,0.0486,0.146,128.727,Aria Nona (Marco Uccellini),20,-4.174204373358901,1.5407016183738733
31btse2R2Yl3c2Mq0c97Mx,3.2812939215323103,2.648803178602579,189040,10,1,4,0.994,0.308,0.0287,0.821,0.169,-29.394,0.053,0.132,63.743,Capriccio in G minor Opus 116 No.3 (Johannes Brahms),20,3.2812939215323103,2.648803178602579
2XAstIRSHffi8q7AdtPFoq,1.4519355436191883,-0.46190280065897993,162440,4,0,1,0.984,0.314,0.311,0.834,0.13,-13.672,0.0484,0.481,86.144,Prelude (BWV 996) ,20,1.4519355436191883,-0.46190280065897993
6QigSGaSqn2qSM5pTf5HNG,-6.154571107939379,0.5837048163581728,75587,8,0,1,0.995,0.445,0.165,0.89,0.118,-22.962,0.0343,0.633,110.036,Chopin Prelude In G Sharp Minor Opus 28,20,-6.154571107939379,0.5837048163581728
05KYRG87szC4jAgzplWB2O,4.5368205441094736,1.137755596472526,197627,6,1,4,0.996,0.311,0.00536,0.845,0.109,-37.569,0.0551,0.195,81.572,Romance in F sharp Major Opus 28 No.2 (Robert Schumann),20,4.5368205441094736,1.137755596472526
03Fk519kEz0ys4RzBabHsD,-8.613850059379187,1.2049132667894171,358773,4,1,4,0.756,0.263,0.348,0.0308,0.202,-16.05,0.031,0.589,134.078,WF Bach: Concerto in F Major for 2 Harpsichords (Allegro moderato),20,-8.613850059379187,1.2049132667894171
1tDZq6ZP7fKM6rebhQVwhl,6.051218635259254,2.7663291016571376,140507,6,0,5,0.808,0.126,0.0753,0.0351,0.207,-23.844,0.0365,0.103,94.723,Prelude: Suite In G Minor: Le Cinquieme Livre De Pieces De Viole (1725),20,6.051218635259254,2.7663291016571376
1JcAEa0j4ddDkKsAAu72MT,-5.53327958336511,-4.335594534354105,325040,9,1,4,0.961,0.172,0.0688,0.00845,0.108,-21.055,0.0577,0.18,67.202,Sonata Seconda A Tre - Due Violini E Viola Da Brazzo,20,-5.53327958336511,-4.335594534354105
0dRvjBVCStIlBxOqbhAQ3q,-4.264809387359315,2.7159608489194675,131440,5,1,3,0.952,0.588,0.269,0.0419,0.0934,-9.341,0.048,0.512,122.15,To Malvina,20,-4.264809387359315,2.7159608489194675
0upI0Lh3iOCKAEWUYZljXh,-7.837235653661351,0.6004942339373963,175133,9,0,4,0.961,0.327,0.17,0.108,0.158,-19.841,0.0384,0.233,134.703,La Maltese (Mauritio Cazzati),20,-7.837235653661351,0.6004942339373963
5dB1DJRRjpMSnjhZzATuJt,0.5243127812339976,1.7589640469037704,287227,2,1,3,0.968,0.31,0.228,0.0147,0.103,-17.269,0.0389,0.652,177.029,Concerto No. 1 in G major Op. 26 for Organ - Allegro,20,0.5243127812339976,1.7589640469037704
7kuY7DRyd46M59u8FpdXdJ,3.811980432106164,7.1147882546758385,275587,6,1,4,0.99,0.378,0.0918,0.86,0.108,-27.796,0.0388,0.573,128.412,Sonata in G major - Allegro (Juliane Reichardt),20,3.811980432106164,7.1147882546758385
0GBNI4bZ55xvt1lhN3YHOz,-2.3232733730647293,4.109482507994959,910560,1,1,4,0.985,0.317,0.0717,0.888,0.0913,-23.796,0.0444,0.0378,78.178,Liszt Variations On A Theme By Bach 'Weinen Klagen',20,-2.3232733730647293,4.109482507994959
0wVHTVgJf0uAjxVYx1o7l7,-1.080690323916194,-3.865490842135868,226147,5,1,3,0.961,0.331,0.0582,0.000387,0.102,-22.233,0.0478,0.222,146.133,La Moneverda (Tarquinio Merula),20,-1.080690323916194,-3.865490842135868
4XKogfcnoBnK9aKSsnoOzh,-5.97336107993855,-0.45723907355363935,81267,0,1,3,0.794,0.357,0.12,0.0187,0.116,-16.532,0.0385,0.433,91.768,Triosonate fur Flute Violine und Basso - Dolce (Telemann),20,-5.97336107993855,-0.45723907355363935
4TqBF1lSz22CglBgMidA2R,-6.296950415654315,1.020229673417966,65973,6,0,4,0.829,0.408,0.178,0.000341,0.47,-13.463,0.0399,0.45,98.038,Partia No 5 - Intrada (Biber),20,-6.296950415654315,1.020229673417966
6mHZuV1O3ahLeLZhYEOZox,4.032021180392883,1.020229673417967,296560,8,0,3,0.976,0.174,0.0447,0.00246,0.108,-27.879,0.0494,0.165,71.602,Trio Sonata in C Major BWV 529-2. Largo (JS Bach),20,4.032021180392883,1.020229673417967
6RcwQer8mvE0cUhkSpT1gu,4.615021300240785,2.0930035008237224,124640,2,0,5,0.994,0.352,0.00218,0.795,0.0853,-40.647,0.0539,0.334,131.709,Handel- Suite in Fa Major (Adagio),20,4.615021300240785,2.0930035008237224
2hmC0upWZmAkg9ZwSDHD7Q,-1.2765697351361363,1.4440691927512355,301160,1,1,3,0.994,0.226,0.0293,0.892,0.107,-30.236,0.0448,0.0385,87.933,Intermezzo in B flat Minor Opus 117 No.2 (Johannes Brahms),20,-1.2765697351361363,1.4440691927512355
3r7HFP1c7F0TS5moDNjgk6,-0.6917947768105205,-1.981260296540364,160787,2,0,4,0.921,0.377,0.504,0.951,0.071,-16.288,0.0322,0.944,134.259,Prelude and Fugue No 13 in F-sharp major,20,-0.6917947768105205,-1.981260296540364
15biOfRTqZrfLxe6P1ddoh,-5.437673643267271,-1.4817751235584855,152027,1,0,4,0.974,0.519,0.116,0.433,0.312,-22.742,0.0477,0.428,116.533,Trio Sonata in D minor-1 Allegro (Telemann),20,-5.437673643267271,-1.4817751235584855
3alsYfAMWcYaBOhoxzp5Re,0.1433598814595295,2.617895387149916,148560,11,1,4,0.98,0.407,0.0982,0.914,0.109,-24.18,0.0724,0.464,138.125,Suite in C Major-1 Prelude-Johann Gottfried Conradi,20,0.1433598814595295,2.617895387149916
3bhUaQfHR9l98boGu6Q24a,1.2917304374104364,-0.6613630451747162,681147,10,0,4,0.881,0.239,0.0867,0.000105,0.161,-21.704,0.0398,0.184,92.414,Sonnerie - from Handel Trio Sonatas,20,1.2917304374104364,-0.6613630451747162
1wXZQNctwLAHBAXWkl9GHt,5.592847306667096,1.556031086598381,142840,8,1,4,0.993,0.456,0.146,0.907,0.112,-18.886,0.0483,0.183,114.263,Carnaval Opus 9 - Preambule,20,5.592847306667096,1.556031086598381
0K8yQhQqosSxnqUzgw7QGY,3.339821383992205,-3.06032877301053,674267,11,0,4,0.899,0.283,0.141,0.000317,0.122,-17.676,0.0413,0.227,83.461,Biber: Sonata 6 in C Minor (from 8 Sonatas 1681),20,3.339821383992205,-3.06032877301053
04cjhGLhlf3NKBGEPl1fEk,6.364711983700685,4.9502965403624355,164413,1,0,1,0.981,0.563,0.0609,0.107,0.118,-23.07,0.0426,0.436,94.522,Trio Sonata in D minor-3. Allegro (Telemann),20,6.364711983700685,4.9502965403624355
1WcJcEqsyUEeCKhVfj7ZCX,0.7988658868451421,-0.9473609175009503,76707,4,1,3,0.995,0.469,0.0134,0.916,0.102,-26.023,0.0502,0.0357,122.441,Chopin Prelude In E Major Opus 28,20,0.7988658868451421,-0.9473609175009503
1LAlEeMWSponkTegUkQjOI,-6.959042334731874,-1.2299172695365668,181907,9,1,4,0.986,0.217,0.0426,0.0123,0.112,-21.054,0.054,0.387,160.261,Sonata No. 2 BWV 1015 - 1. Dolce (J.S. Bach),20,-6.959042334731874,-1.2299172695365668
6aTENtwFV06NhEhi5V3ECj,2.580349637397239,-1.39195760993537,246133,0,0,3,0.876,0.268,0.0932,2.94e-05,0.088,-21.951,0.0415,0.159,112.486,Sonata No. 4 BWV 1017 - 1. Largo (J.S. Bach),20,2.580349637397239,-1.39195760993537
30M2CvrI43F81Agt6L68pd,2.0769788286075515,-1.4222655970202722,43920,5,0,4,0.994,0.364,0.261,0.897,0.114,-20.162,0.0295,0.661,63.189,Chopin Prelude In G Minor Opus 28,20,2.0769788286075515,-1.4222655970202722
1VdoJvF9iC6NDzG0059l9n,-1.508884865300074,1.322781831019062,247747,4,1,3,0.995,0.447,0.0324,0.888,0.132,-26.969,0.0439,0.0732,71.719,Intermezzo in E Major Opus 116 No.4 (Johannes Brahms),20,-1.508884865300074,1.322781831019062
1QKOTN5RT7TPve4xmIVOps,-6.513925580760569,1.148801265932541,231093,7,1,4,0.956,0.229,0.117,0.434,0.305,-23.929,0.0439,0.336,94.279,Sonata BWV 1027 in G major: adagio,20,-6.513925580760569,1.148801265932541
5M0AHL1MCcshA5htbnc0X1,6.298699759214668,3.797199341021415,232187,11,0,4,0.422,0.154,0.111,0.000717,0.0964,-17.433,0.0364,0.144,137.423,Set a 5 in C Minor,20,6.298699759214668,3.797199341021415
5IQypz1rEWTcj0S3YOKwNe,0.9554333423568466,1.9397731592953982,491293,1,1,4,0.9,0.29,0.146,0.667,0.129,-20.418,0.0359,0.186,94.402,Sonata for Oboe and Bassoc Continuo in G major: Andante (Sammartini),20,0.9554333423568466,1.9397731592953982
5upiiRig3NhF9Ab5HeIRXq,7.264678644193369,-1.668595551894564,502133,7,0,3,0.97,0.208,0.0772,2.73e-06,0.0729,-21.855,0.0498,0.0754,80.939,Confitebor (Monteverdi),20,7.264678644193369,-1.668595551894564
1ZY3Ve6hKOLxn5Y1BSN5Qz,-2.674793577758064,2.3280369374837413,216800,2,1,4,0.953,0.301,0.0869,0.0347,0.111,-23.582,0.0376,0.287,83.66,Wachet auf ruft uns die Stimme (BWV 140) - Chorus,20,-2.674793577758064,2.3280369374837413
7lA8yfEsWlarZiSRd3mQDW,6.167710796116927,5.586951254966566,713227,2,1,3,0.942,0.507,0.159,0.754,0.124,-16.53,0.036,0.159,112.644,Fandango (Luigi Boccherini),20,6.167710796116927,5.586951254966566
53bqTstpTJoH7ATnybwJVk,-1.1518799777736617,-1.397446457990116,132400,11,1,5,0.835,0.295,0.148,0.0133,0.143,-25.228,0.047,0.704,125.686,Froberger: Toccata III in C Major 1656,20,-1.1518799777736617,-1.397446457990116
3x2hBWjZ5hSI32RRYNDcUs,3.044611435980208,1.4771416803953856,249500,9,0,4,0.974,0.498,0.456,0.902,0.101,-12.8,0.0311,0.628,101.151,Concerto in A Minor for Four Harpsichords BWV 1065: I Allegro,20,3.044611435980208,1.4771416803953856
6y57WgLiErkmfjxUh91TUN,7.806921916757071,5.49341021416804,326227,0,1,4,0.982,0.21,0.265,0.113,0.136,-17.667,0.0416,0.182,84.027,Kyrie - Allegro moderato,20,7.806921916757071,5.49341021416804
4qxN1gUvvDuUEabzm0jkn3,5.590797237583679,0.43739703459637547,535240,5,1,4,0.986,0.398,0.153,0.686,0.149,-17.385,0.0426,0.56,132.603,Oboe Quartet in F (K370) - Allegro,20,5.590797237583679,0.43739703459637547
5sTiGK6oljvejJIVkeGvm4,4.415150953880349,3.416639209225701,274507,2,0,4,0.925,0.29,0.115,0.049,0.14,-16.963,0.0383,0.151,123.855,La Savorgnana (Giovanni Legrenzi),20,4.415150953880349,3.416639209225701
5Txwlv081K39njx353jh7r,5.072129759479268,5.065280065897858,147320,1,1,4,0.944,0.459,0.287,0.0214,0.183,-16.162,0.0338,0.412,127.697,Gloria (Antonio Vivaldi),20,5.072129759479268,5.065280065897858
1Eh3Jw3vLepRReEhbBPUqU,5.952292752626148,1.110172981878088,223333,7,0,5,0.992,0.492,0.0205,0.00133,0.109,-16.258,0.0434,0.437,132.478,Lenten is come,20,5.952292752626148,1.110172981878088
40q1FR5hnTGTdCzIP4Mzd3,-3.3365702643346653,-8.431013179571666,220120,9,0,4,0.913,0.285,0.0775,0.000786,0.0968,-20.364,0.0417,0.162,103.794,Sonata Prima Detta La Poggia (Marco Uccellini),20,-3.3365702643346653,-8.431013179571666
4yH5S4tzPlH7vAXaT2Ddya,-0.366020162463948,2.700370675453046,180093,0,0,4,0.861,0.333,0.476,0.0117,0.148,-17.9,0.0335,0.698,105.889,JS Bach: Partita in C minor (Sarabande),20,-0.366020162463948,2.700370675453046
3DNRdudZ2SstnDCVKFdXxG,-6.3699891514301585,-0.9081548599670523,315427,1,0,3,0.995,0.184,0.00527,0.887,0.173,-37.264,0.0432,0.151,170.612,Sonata I Sostenuto,20,-6.3699891514301585,-0.9081548599670523
6bzAzrOg2Mnik9qa0KiaXH,-4.3864789775884425,0.010626029654036069,149813,8,1,4,0.978,0.651,0.101,0.871,0.108,-19.241,0.051,0.455,96.355,Andreas Christi Sancte Andrea (Cristobal de Morales),20,-4.3864789775884425,0.010626029654036069
3BQFGCKyRr5OCLDainTXV5,-3.2579842828036947,-0.8673805601317967,211693,11,1,4,0.907,0.579,0.0793,0.404,0.109,-24.799,0.0391,0.302,86.253,Sonata In C Major (Weiss) - Andante,20,-3.2579842828036947,-0.8673805601317967
2mXFZQLccfYOYusYcuFeIg,6.5652634085677235,1.252883031301482,141507,3,1,4,0.966,0.345,0.317,0,0.38,-13.353,0.0448,0.312,113.591,Come again: sweet love doth now invite (John Dowland),20,6.5652634085677235,1.252883031301482
0d6SBWwgSnS1uGLSHZILzQ,6.4080914455057805,1.6198517298187805,94667,7,0,4,0.959,0.553,0.0828,0.85,0.0809,-23.288,0.0495,0.454,98.119,Prelude (Phalese),20,6.4080914455057805,1.6198517298187805
4WwTSDNUHnE5VydEeYkXj5,5.2450189188474035,4.188632619439868,381347,4,1,4,0.969,0.454,0.196,0.874,0.12,-16.833,0.0421,0.234,114.758,Sinfonia in La Maggiore (Luigi Boccherini),20,5.2450189188474035,4.188632619439868
4cTEg3C3RTD7ShgiAySaOb,6.896533546098278,4.750063363325307,251173,3,1,1,0.943,0.393,0.0514,0.219,0.111,-33.033,0.0471,0.332,99.653,Sonata III in d minor (Allegro:Moderato),20,6.896533546098278,4.750063363325307
4xxlVgbakgUa2VngV3XdVa,-0.35030296615775447,-3.8439044481054387,353653,0,0,4,0.993,0.328,0.005,0.0951,0.0952,-25.721,0.0374,0.0681,112.646,Sonata 1 (Largo),20,-0.35030296615775447,-3.8439044481054387
1RScV1DNccMvkyy0wHFrzX,-2.9195406556769776,-7.924052718286657,86480,1,0,4,0.874,0.349,0.205,0.921,0.146,-17.608,0.0455,0.448,115.646,Rosenmuller Sonata Teraz a 2 Allegro,20,-2.9195406556769776,-7.924052718286657
4kG6LyEa5ffkjbg1BAr489,-1.7648506337152374,-0.07228171334431696,429693,0,1,5,0.899,0.278,0.201,0.000271,0.0753,-17.16,0.0394,0.418,137.324,Ballo Del Gran Ducca (Giovanni Battista Buonamente),20,-1.7648506337152374,-0.07228171334431696
1gqOg3La1P3q0X3FMsHcZE,6.533829015955335,2.720757825370675,207493,11,0,4,0.992,0.218,0.0274,0.719,0.0887,-23.213,0.0367,0.0721,172.516,Chansons sans paroles (1989) op. 2 Pastorale,20,6.533829015955335,2.720757825370675
478yZ3EhghZ904UI5cWvzz,-7.705950837456672,-2.5187397034596395,125667,6,1,4,0.97,0.193,0.0772,0.925,0.339,-21.493,0.0447,0.217,82.953,Sonata in C major for oboe and basso continuo after BWV 1035 (adagio ma non tanto),20,-7.705950837456672,-2.5187397034596395
3STBE0r1t5DG7tTG67RFlT,-2.1420633450639004,1.2936573311367372,205000,9,0,4,0.995,0.204,0.0404,0.889,0.0578,-23.926,0.0397,0.163,83.515,Drei Romanzen Op. 94 (Nicht schnell),20,-2.1420633450639004,1.2936573311367372
7IRVyRWNANnrS7a34Co8Gu,-0.6803640885878333,-0.11305601317957178,193507,0,1,4,0.809,0.31,0.134,0.00495,0.135,-28.311,0.0376,0.351,105.326,Suite in d minor - Allemande la Loureuse,20,-0.6803640885878333,-0.11305601317957178
1okQeekaBL7DzFxS0j1s7l,3.53184452147223,2.374176276771005,310253,7,0,4,0.978,0.132,0.0083,0.00393,0.132,-30.221,0.0616,0.0391,80.347,Stabat Mater (Antonio Vivaldi),20,3.53184452147223,2.374176276771005
75tHHyxJw2u6EeMPaTNXHD,-5.505543354589474,0.2946869851729811,168800,0,1,4,0.197,0.585,0.571,0,0.245,-8.342,0.0271,0.666,126.836,If I were fire,20,-5.505543354589474,0.2946869851729811
5B02PJiyIStKXSbFHcbM3V,0.1526473156404631,-0.4392504118616154,303987,7,0,3,0.994,0.382,0.028,0.934,0.131,-27.892,0.0541,0.396,76.461,Anon : Praeter rerum seriem,20,0.1526473156404631,-0.4392504118616154
3IpsIq5aStFfJNtHZJFXVi,0.1937538290566626,2.730167279178809,214067,7,1,4,0.968,0.388,0.18,0.894,0.119,-15.836,0.0375,0.344,81.15,La Ritirata Di Madrid (Luigi Boccherini),20,0.1937538290566626,2.730167279178809
3GxIGhQrnWKJsMivcVn3Is,5.496494059746512,-0.9489291598023079,240440,4,1,3,0.627,0.58,0.158,0.000161,0.104,-18.16,0.0454,0.153,132.511,If I were pope,20,5.496494059746512,-0.9489291598023079
1BwEFhSaicS7sn7wUHMmE6,-4.688249146667372,-0.9693163097199354,124984,8,1,3,0.98,0.256,0.0978,0,0.315,-18.318,0.0613,0.135,80.781,Phenix - Allegro,20,-4.688249146667372,-0.9693163097199354
5zCFefmkIAQS0mrTGv1TFE,-0.27171698462678284,0.6616556836902807,141613,0,1,3,0.91,0.315,0.0796,0.00371,0.131,-19.112,0.0367,0.312,128.166,Avanti Il Quarto Brando (Giovanni Battista Buonamente),20,-0.27171698462678284,0.6616556836902807
0Fii43hRK9ocOwxylNvwLu,0.5455772232953198,0.21313838550247105,442000,4,1,4,0.908,0.235,0.0862,0.345,0.246,-23.546,0.0451,0.315,89.317,Les Delices de la Solitude Op. 20 - Sonata I in F major - Aria,20,0.5455772232953198,0.21313838550247105
1jUqIz1pKixLcPFN2hoWoF,7.50829518693938,9.0,203200,5,0,4,0.964,0.16,0.106,0.0163,0.0635,-19.918,0.0426,0.0346,90.922,Magnificat (Antonio Vivaldi),20,7.50829518693938,9.0
6fOnAgXSZQ5qOtRoSWEND6,1.6143465721165293,2.0887561779242168,249800,5,1,3,0.981,0.207,0.0343,0.865,0.122,-25.427,0.0352,0.0555,133.731,Sinfonia In Re Minore (Luigi Boccherini),20,1.6143465721165293,2.0887561779242168
7eujJx0u6PnmVWzqkNaG88,0.9385071309501762,1.273270181219109,424827,4,0,4,0.943,0.463,0.197,0.667,0.103,-21.519,0.0345,0.346,120.109,Chopin Prelude In B Minor Opus 28,20,0.9385071309501762,1.273270181219109
4PckZvzNatejKojNIKnCPu,4.113380784801419,-2.2333196046128516,131680,1,0,3,0.729,0.264,0.246,0.519,0.0806,-16.504,0.0401,0.167,105.259,Sonata II in D minor - Allegro,20,4.113380784801419,-2.2333196046128516
1f3MVDwSNuqBtMxloyLvvD,4.930674992723519,-7.085461285008239,111453,4,1,3,0.993,0.495,0.106,0.921,0.126,-23.852,0.0476,0.675,119.998,Waltz KK IVa no.12 in E major,20,4.930674992723519,-7.085461285008239
1Sa03TevW8uKcVieD3LHJ0,5.559362844971291,0.5597199341021419,201893,4,1,4,0.995,0.356,0.0271,0.899,0.0901,-27.716,0.0496,0.0665,76.451,Intermezzo in E Major Opus 116 No.6 (Johannes Brahms),20,5.559362844971291,0.5597199341021419
5tY3Nzjutp05g2OleVbthn,0.49842563437673604,0.9266886326194388,124093,0,1,3,0.996,0.492,0.271,0.95,0.095,-26.848,0.0355,0.907,130.917,Sonata III in C major - Fuga da capella,20,0.49842563437673604,0.9266886326194388
3NpNbK1v8O6uU0dQMJgkuz,-3.195115497578916,-0.13344316309720017,137453,11,1,4,0.576,0.308,0.46,0.0123,0.159,-10.307,0.0347,0.896,91.941,Trouble fete (Gorner),20,-3.195115497578916,-0.13344316309720017
7KJio7FwXuLrqvmmG1y4Rj,-7.0772629852089,0.5597199341021412,28053,6,0,4,0.994,0.445,0.0606,0.785,0.0946,-29.517,0.0413,0.707,141.515,Chopin Prelude In C Sharp Minor Opus 28,20,-7.0772629852089,0.5597199341021412
376Ex3IlFOpcXelKREEFH7,-0.7903844627311936,2.659596375617793,99120,0,1,3,0.942,0.354,0.198,2.29e-05,0.185,-15.702,0.0388,0.52,129.764,Gagliard Seconda (Giovanni Battista Buonamente),20,-0.7903844627311936,2.659596375617793
6ozOXbh1k3XBIHL9kzCAxf,0.6713147937448735,2.292627677100494,247067,7,1,4,0.986,0.288,0.0173,0.0189,0.0785,-25.41,0.0417,0.152,100.544,Alysoun,20,0.6713147937448735,2.292627677100494
2LxicsnwXNPR7fNpeNH7IQ,-4.190134925271061,-0.7168292992016224,226573,0,0,4,0.863,0.243,0.366,0.0543,0.123,-20.578,0.0336,0.795,114.607,More Palatino (Jan Pieterszoon Sweelinck),20,-4.190134925271061,-0.7168292992016224
7mKNB44OvbUvh1qx0solVl,8.45374499551199,4.530509441135469,197147,3,1,3,0.994,0.322,0.216,0.937,0.101,-22.957,0.0441,0.718,111.561,Suite No 4 in E flat major BWV 815: Allemande,20,8.45374499551199,4.530509441135469
5QxTjzD0DXchJGlUr7yleX,-5.002593072791257,0.007698644024837118,212867,9,1,3,0.968,0.353,0.0518,2.22e-05,0.118,-21.811,0.0672,0.338,178.307,Oxenford (Anon),20,-5.002593072791257,0.007698644024837118
5EJ55HhFMeWwhko26S6gbk,4.773503029661577,-1.6828665568369037,207960,0,1,4,0.878,0.516,0.414,0.223,0.0749,-12.484,0.0352,0.745,103.62,BWV 1041 : I. Allegro,20,4.773503029661577,-1.6828665568369037
6su8v0Uv3hsUOEaT9nm06s,-2.204932130288677,5.024505766062603,35560,0,1,4,0.993,0.342,0.138,0.585,0.109,-27.027,0.0468,0.107,115.411,Chopin Prelude In C Major Opus 28,20,-2.204932130288677,5.024505766062603
7ftsdGd4xeqDvpTjJbCdyO,2.0701452649961634,4.800247116968699,210373,7,0,3,0.989,0.353,0.261,0.748,0.17,-17.247,0.0524,0.812,94.467,BWV 1001 / IV. Presto,20,2.0701452649961634,4.800247116968699
2p07d16xdpMvjTfYJaMho9,6.084075398578084,-0.7826954758585742,384240,11,1,4,0.995,0.352,0.0443,0.881,0.0931,-25.665,0.0378,0.247,142.352,Romance in B Major Opus 28 No.3 (Robert Schumann),20,6.084075398578084,-0.7826954758585742
0hQUa3OzVogaAhPVMOFgsf,-3.2422670864974994,2.618822075782537,149360,3,1,4,0.689,0.344,0.44,0.0197,0.09,-13.185,0.0463,0.529,120.506,Premier Concert - Coulicam (Rameau),20,-3.2422670864974994,2.618822075782537
78LNt4v31eS7gqs3S4O8WZ,-8.276532691239117,-8.783772652388798,156827,8,1,4,0.995,0.354,0.085,0.88,0.106,-29.974,0.0428,0.0831,113.898,Chopin Prelude In A Flat Major Opus 28,20,-8.276532691239117,-8.783772652388798
6cl48ySVcpRv8jqLW0fXxr,-5.6784325139576115,0.009266886326193848,205040,4,1,3,0.775,0.493,0.285,0.00147,0.087,-17.35,0.0344,0.671,131.304,Matteis: Ground After the Scotch Humour,20,-5.6784325139576115,0.009266886326193848
5vDxKfWT8CwAKdIVAPC7w2,-3.2737014791098873,1.8033360790774289,590573,7,1,4,0.917,0.195,0.0416,0.302,0.0951,-21.002,0.0461,0.0402,107.264,Sonata No. 1 in E minor Op. 50 - Andante ,20,-3.2737014791098873,1.8033360790774289
1BwEFhSaicS7sn7wUHMmE6,5.7479692006456204,3.9439868204283335,124984,8,1,3,0.98,0.256,0.0978,0,0.315,-18.318,0.0613,0.135,80.781,Phenix - Allegro,20,5.7479692006456204,3.9439868204283335
27xdEutt3SrBR3LfWoEfAr,-0.3974545550763368,-3.4565485996705116,119360,10,1,4,0.995,0.624,0.397,0.931,0.0717,-21.087,0.0539,0.686,103.963,Sonata IV in B-flat major - Bruit de chasse,20,-0.3974545550763368,-3.4565485996705116
0cNkTX5z7HF9ZO6IpuHY6t,1.7872357314846663,4.025535420098846,305667,3,1,3,0.996,0.406,0.00699,0.946,0.0803,-33.418,0.0773,0.0697,79.031,Intermezzo in E flat Major Opus 117 No.1 (Johannes Brahms),20,1.7872357314846663,4.025535420098846
3WvlPjx0LsThdnDOybICr1,-8.051729156192945,0.1519769357495871,286267,11,0,4,0.988,0.553,0.0333,0,0.0748,-26.201,0.0478,0.314,101.845,Ma belle si ton ame (Gilles Durant de la Bergerie),20,-8.051729156192945,0.1519769357495871
0AyptO1NDrEW51CeG46JvZ,-7.564496070700923,-0.2149917627677102,159242,2,0,4,0.962,0.374,0.116,0.909,0.0984,-22.755,0.0369,0.411,96.475,Toccata XX,20,-7.564496070700923,-0.2149917627677102
2G4PNYSG5MFebgYEkjhV5X,-2.5035588601063696,1.640238879736408,198120,2,1,4,0.902,0.367,0.199,0.0034,0.189,-16.145,0.0486,0.146,128.727,Aria Nona (Marco Uccellini),20,-2.5035588601063696,1.640238879736408
31btse2R2Yl3c2Mq0c97Mx,5.166432937316434,-0.4392504118616158,189040,10,1,4,0.994,0.308,0.0287,0.821,0.169,-29.394,0.053,0.132,63.743,Capriccio in G minor Opus 116 No.3 (Johannes Brahms),20,5.166432937316434,-0.4392504118616158
2XAstIRSHffi8q7AdtPFoq,1.0328103087873417,1.3548187808896202,162440,4,0,1,0.984,0.314,0.311,0.834,0.13,-13.672,0.0484,0.481,86.144,Prelude (BWV 996) ,20,1.0328103087873417,1.3548187808896202
6QigSGaSqn2qSM5pTf5HNG,-5.584129336120444,-2.4168039538715003,75587,8,0,1,0.995,0.445,0.165,0.89,0.118,-22.962,0.0343,0.633,110.036,Chopin Prelude In G Sharp Minor Opus 28,20,-5.584129336120444,-2.4168039538715003
05KYRG87szC4jAgzplWB2O,-4.138147275950573,-1.2751235584843492,197627,6,1,4,0.996,0.311,0.00536,0.845,0.109,-37.569,0.0551,0.195,81.572,Romance in F sharp Major Opus 28 No.2 (Robert Schumann),20,-4.138147275950573,-1.2751235584843492
03Fk519kEz0ys4RzBabHsD,-0.7924800889053529,2.2749588138385506,358773,4,1,4,0.756,0.263,0.348,0.0308,0.202,-16.05,0.031,0.589,134.078,WF Bach: Concerto in F Major for 2 Harpsichords (Allegro moderato),20,-0.7924800889053529,2.2749588138385506
1tDZq6ZP7fKM6rebhQVwhl,-5.8670388696319415,-0.9285420098846798,140507,6,0,5,0.808,0.126,0.0753,0.0351,0.207,-23.844,0.0365,0.103,94.723,Prelude: Suite In G Minor: Le Cinquieme Livre De Pieces De Viole (1725),20,-5.8670388696319415,-0.9285420098846798
1JcAEa0j4ddDkKsAAu72MT,-3.834684485730976,2.8179888480547457,325040,9,1,4,0.961,0.172,0.0688,0.00845,0.108,-21.055,0.0577,0.18,67.202,Sonata Seconda A Tre - Due Violini E Viola Da Brazzo,20,-3.834684485730976,2.8179888480547457
0dRvjBVCStIlBxOqbhAQ3q,-3.478025031090413,0.7228171334431628,131440,5,1,3,0.952,0.588,0.269,0.0419,0.0934,-9.341,0.048,0.512,122.15,To Malvina,20,-3.478025031090413,0.7228171334431628
0upI0Lh3iOCKAEWUYZljXh,-7.473819938165186,-2.5391268533772657,175133,9,0,4,0.961,0.327,0.17,0.108,0.158,-19.841,0.0384,0.233,134.703,La Maltese (Mauritio Cazzati),20,-7.473819938165186,-2.5391268533772657
5dB1DJRRjpMSnjhZzATuJt,-1.1106223374699016,1.6173033360790776,287227,2,1,3,0.968,0.31,0.228,0.0147,0.103,-17.269,0.0389,0.652,177.029,Concerto No. 1 in G major Op. 26 for Organ - Allegro,20,-1.1106223374699016,1.6173033360790776
7kuY7DRyd46M59u8FpdXdJ,-8.06744635249914,-0.9285420098846795,275587,6,1,4,0.99,0.378,0.0918,0.86,0.108,-27.796,0.0388,0.573,128.412,Sonata in G major - Allegro (Juliane Reichardt),20,-8.06744635249914,-0.9285420098846795
0GBNI4bZ55xvt1lhN3YHOz,-1.6862646521842666,2.33340197693575,910560,1,1,4,0.985,0.317,0.0717,0.888,0.0913,-23.796,0.0444,0.0378,78.178,Liszt Variations On A Theme By Bach 'Weinen Klagen',20,-1.6862646521842666,2.33340197693575
0wVHTVgJf0uAjxVYx1o7l7,4.144815177413807,1.8644975288303118,226147,5,1,3,0.961,0.331,0.0582,0.000387,0.102,-22.233,0.0478,0.222,146.133,La Moneverda (Tarquinio Merula),20,4.144815177413807,1.8644975288303118
4XKogfcnoBnK9aKSsnoOzh,6.7538697642420535,7.674835255354202,81267,0,1,3,0.794,0.357,0.12,0.0187,0.116,-16.532,0.0385,0.433,91.768,Triosonate fur Flute Violine und Basso - Dolce (Telemann),20,6.7538697642420535,7.674835255354202
4TqBF1lSz22CglBgMidA2R,6.9424761199163845,3.964373970345963,65973,6,0,4,0.829,0.408,0.178,0.000341,0.47,-13.463,0.0399,0.45,98.038,Partia No 5 - Intrada (Biber),20,6.9424761199163845,3.964373970345963
2qGfZAgDe1pV2y5xJAhi6R,-1.0732939962426897,3.1285008237232295,192606,9,1,4,0.257,0.748,0.578,0,0.13,-5.72,0.194,0.166,140.016,Young Again,20,-1.0732939962426897,3.1285008237232295
3mocvhRJHJ3T56phxkxsVg,5.700188923874791,-1.614365733113675,250853,7,1,4,0.419,0.731,0.398,6.04e-05,0.121,-8.912,0.0405,0.423,144.06,What I did on my summer vacation,20,5.700188923874791,-1.614365733113675
5qaEfEh1AtSdrdrByCP7qR,0.4456158547879237,3.4889456342668863,177507,3,1,4,0.192,0.497,0.709,0.000279,0.449,-2.928,0.0365,0.384,89.89,Demons,20,0.4456158547879237,3.4889456342668863
4EjhRVf5AH6AuGeeiTy8Dj,4.324134098907206,-2.8764415156507424,341733,5,1,4,0.714,0.514,0.275,4.2e-06,0.216,-15.19,0.0793,0.613,88.49,When I Cross The River,20,4.324134098907206,-2.8764415156507424
73UvXXCDbmBHZPVivggjyM,6.325104649009077,-2.6704200988467885,282347,10,1,3,0.409,0.346,0.445,0.179,0.259,-8.969,0.0306,0.0418,131.271,Birds in a Rat Race (Mountain Mirrors),20,6.325104649009077,-2.6704200988467885
5KXKhCfPNS4342ly8tTf6w,-4.410175673557783,1.7421746293245461,207347,10,1,4,0.0318,0.655,0.72,4.71e-05,0.25,-9.423,0.0312,0.745,121.311,Shattered,20,-4.410175673557783,1.7421746293245461
6HXBIsNrNrs6P9ZrL13EEC,6.719160955732543,1.3913457578253696,185314,10,1,4,0.421,0.449,0.496,0,0.088,-6.104,0.0554,0.247,109.929,Texas Sky,20,6.719160955732543,1.3913457578253696
1hIZDY8wcuvok4GgyFZjkN,4.462888607745942,-1.8376706782453291,256253,7,1,4,0.00391,0.335,0.749,0.916,0.179,-7.192,0.0313,0.353,126.679,Self Possession,20,4.462888607745942,-1.8376706782453291
282sr16rTDzSzqaq1jpGE1,-0.4425996934026402,-0.6140593781765928,223051,7,1,4,0.00797,0.681,0.823,0.542,0.149,-5.107,0.0299,0.905,124.991,Dropping out of School,20,-0.4425996934026402,-0.6140593781765928
5KawlOMHjWeUjQtnuRs22c,6.845754911878268,0.9847135977696104,229773,11,0,4,0.0923,0.645,0.862,0,0.192,-4.757,0.0965,0.798,119.991,The Soul,20,6.845754911878268,0.9847135977696104
7B7O5jgFpWfc9orZw6FN4K,1.593739581403964,-1.3974464579901165,185158,9,0,4,0.135,0.61,0.754,0,0.107,-6.469,0.0585,0.357,121.952,The Spirit,20,1.593739581403964,-1.3974464579901165
2MTSo2SGQ0oVKgPu99x3Df,3.142708419822317,-2.224180537408397,243946,10,0,4,0.0987,0.818,0.562,0.813,0.355,-7.779,0.0356,0.57,125.03,Dopamine,20,3.142708419822317,-2.224180537408397
2PLZfozArNSMWfBGennJRf,3.9152848011686303,0.9236113269714953,242667,9,1,4,0.0111,0.511,0.855,1.3e-06,0.119,-3.028,0.0479,0.314,164.002,Alone with Nothing,20,3.9152848011686303,0.9236113269714953
4nVBt6MZDDP6tRVdQTgxJg,0.3542610061888859,1.9340950406180766,245493,3,1,4,0.225,0.6,0.663,0,0.119,-5.802,0.0477,0.286,121.07,Memories,20,0.3542610061888859,1.9340950406180766
0rTV5WefWd1J3OwIheTzxM,3.362884661180642,2.6646931630972004,197487,0,1,4,0.0501,0.9,0.4,0,0.0876,-8.443,0.124,0.338,136.001,Talk,20,3.362884661180642,2.6646931630972004
0zYvShGEsDQCsXjgilWGJ2,2.8493873134401104,2.838788693314834,271011,9,1,5,0.348,0.334,0.392,0.767,0.186,-11.138,0.0572,0.0509,107.273,Sweet Melissa,20,2.8493873134401104,2.838788693314834
3boTvdeBx7IeK16oIheGks,3.5738788836864708,1.357189379717252,207507,0,1,4,0.13,0.295,0.723,0.0318,0.151,-5.855,0.0325,0.174,83.793,Into the Moon,20,3.5738788836864708,1.357189379717252
0WGRRG6iC7SDsOOiSWLGBW,-6.827636926228169,-1.2127628646186654,216600,3,0,4,0.986,0.414,0.153,0.931,0.111,-16.83,0.0298,0.125,150.214,Moonsong,20,-6.827636926228169,-1.2127628646186654
0ACACkoHUwgfgY5CxVIL4N,-0.31344885068116113,-0.12781912174061322,255067,9,1,4,0.194,0.693,0.565,0.000175,0.0806,-12.583,0.0345,0.692,97.937,Of the Lovely,20,-0.31344885068116113,-0.12781912174061322
0DuIjanC99fmq0AT2m8veT,-3.602333765512132,-3.6548599670510713,218653,2,0,4,0.558,0.75,0.826,9.39e-06,0.0373,-6.646,0.0425,0.918,94.963,Suerte Mijo,20,-3.602333765512132,-3.6548599670510713
1fL82sLsjU488zyFC8uAjz,0.01759585108353444,2.651290499725426,260707,8,1,4,0.0148,0.569,0.856,7.31e-05,0.927,-7.317,0.0453,0.461,115.935,Factory Head,20,0.01759585108353444,2.651290499725426
206lXfuOId5JsFLX5k1z1L,4.039081311353954,-0.9952635914332794,236333,5,1,4,0.0857,0.521,0.529,1.38e-05,0.0611,-6.117,0.0321,0.381,121.826,Long Time Wondering,20,4.039081311353954,-0.9952635914332794
7emV91bLzV662TpX9Tmxnr,7.149657343952584,-3.7456754530477774,165493,4,1,4,0.598,0.483,0.691,0,0.0918,-5.223,0.0805,0.597,79.666,Don't rain on my parade,20,7.149657343952584,-3.7456754530477774
0GOFjHM4255TjilQwVhauV,6.219485089831449,2.3908566721581526,271782,9,0,3,0.558,0.717,0.36,0.591,0.307,-11.079,0.0287,0.528,113.354,Happy Blues,20,6.219485089831449,2.3908566721581526
2vsuel3g4zaLYSOY0mOMbi,-5.02259677718096,1.5605436573311369,231653,1,0,4,0.277,0.432,0.52,0.371,0.138,-5.515,0.0548,0.303,164.047,Bad Bad Luck,20,-5.02259677718096,1.5605436573311369
5wvVTWgqMAzhXlDq3rTc9T,1.3296906834599007,-6.424011532125208,219120,2,1,4,0.563,0.669,0.512,0,0.121,-10.488,0.0298,0.93,110.006,Can I be a star:,20,1.3296906834599007,-6.424011532125208
0HdcunWW5FsRqKr3lwJOIo,-3.6992747944776094,-2.0121974401216582,240991,7,1,4,0.146,0.531,0.747,0.0722,0.07,-9.368,0.0344,0.761,93.559,There You Were,20,-3.6992747944776094,-2.0121974401216582
7sRSqoly6LyCAI0NkdZCpB,-2.302092980181514,1.1713344316309708,109014,2,1,4,0.0915,0.59,0.326,0.88,0.0803,-11.011,0.04,0.206,141.935,Before you know it,20,-2.302092980181514,1.1713344316309708
11l9DwmfKrdxYgosRISU43,9.0,3.9995881383855036,240120,2,1,4,0.179,0.533,0.932,0.968,0.314,-3.461,0.0306,0.65,115.966,Santa Rosa Shuffle,20,9.0,3.9995881383855036
45LeC3Rf4I08VGvI84n4G2,6.579551768846081,-4.822487644151566,197400,0,0,3,0.676,0.67,0.341,0.871,0.268,-11.04,0.0519,0.459,154.552,Timeagain,20,6.579551768846081,-4.822487644151566
4eGXklYrAij6cvqSn7HG8G,3.9390627894054457,0.21128500823723229,165878,5,1,4,0.645,0.572,0.482,0,0.789,-8.734,0.173,0.555,96.951,Squalid Rooms,20,3.9390627894054457,0.21128500823723229
39VrEEYtyGkppo9Yt2fRd5,4.1657714391553995,-0.9693163097199343,406533,1,1,4,0.82,0.327,0.41,0.816,0.143,-14.247,0.0331,0.228,138.688,Rock This Moon,20,4.1657714391553995,-0.9693163097199343
0Qj1LtSmA2gsLp1M6OjhKt,1.4986108538618272,2.4946457990115323,207653,2,1,4,0.125,0.587,0.693,0.0111,0.369,-11.694,0.0507,0.885,109.982,You Knew It Well,20,1.4986108538618272,2.4946457990115323
5WHTFyqSii0lmT9R21abT8,7.199666604926837,-2.5650741350906103,178480,9,1,4,0.296,0.674,0.881,3.01e-06,0.0793,-2.853,0.147,0.234,98.994,Me,20,7.199666604926837,-2.5650741350906103
3dC7Rc4WDgDST48ZzCCDSt,2.758844230413039,-1.630971993410215,80000,11,0,4,0.272,0.591,0.178,0.766,0.0972,-25.168,0.0411,0.762,119.999,Lunar Ecstasy,20,2.758844230413039,-1.630971993410215
26tVUcHq2nYLhA895WK40Q,2.158733098721985,0.5745469522240528,280627,5,1,4,0.176,0.57,0.822,7.34e-06,0.185,-7.211,0.0812,0.581,95.009,Look And Feel Years Younger,20,2.158733098721985,0.5745469522240528
4bEKbZoThpEbbeFMgmkxeP,7.43971105760326,0.9637561779242172,203547,9,1,4,6.02e-05,0.35,0.935,0,0.1,-4.595,0.0586,0.369,97.89,Rocket City Riot: Down with Her,20,7.43971105760326,0.9637561779242172
1IhnbJZ7FywEL7YCyLKDgv,-2.8822004074828667,-2.0980230642504134,334707,2,1,4,0.376,0.339,0.448,0.00766,0.11,-8.081,0.0295,0.164,57.902,Kings of the Desert,20,-2.8822004074828667,-2.0980230642504134
3cD7pLd4vNk4JSdtaeTdS7,6.259492498610853,0.8340197693574966,224133,4,1,4,0.00541,0.547,0.797,0.0261,0.128,-9.982,0.0292,0.894,134.489,Encima de Ti,20,6.259492498610853,0.8340197693574966
36Xo8C6YTaFO2QijDS03VL,0.6184478607149472,-3.0061779242174635,197627,2,0,4,0.197,0.574,0.626,0.00132,0.112,-10.215,0.0561,0.657,169.926,A Short Burst of Clarity,20,0.6184478607149472,-3.0061779242174635
4Y490gbAgtJUADjRJIw9QI,-0.06167808853491328,3.688220757825372,288453,5,1,1,0.541,0.62,0.623,0.0951,0.18,-7.075,0.0334,0.638,109.637,Stay Evil,20,-0.06167808853491328,3.688220757825372
7oJrVhiTPZGBXWPwhxjy9S,-3.2622707908872006,0.10749588138385358,156000,9,1,4,0.138,0.718,0.767,0,0.114,-5.641,0.166,0.519,160.084,Lust,20,-3.2622707908872006,0.10749588138385358
3m9zvjbilaBUMKNFcROBfF,5.059270235228746,-2.513179571663922,192324,10,0,4,0.0827,0.815,0.828,2.2e-06,0.134,-3.278,0.163,0.882,176.086,Juego,20,5.059270235228746,-2.513179571663922
52SQcjpPZHzfGaVgaYfE92,-1.0018521948508985,-3.473228995057661,310291,0,1,4,0.0341,0.614,0.832,0.418,0.21,-6.064,0.0329,0.678,84.002,Gold and rose,20,-1.0018521948508985,-3.473228995057661
538hPQNtP190KcS3ZnWY5M,2.458788664567513,-4.381383855024713,238360,1,1,4,0.197,0.808,0.721,0,0.205,-5.165,0.213,0.773,94.955,Just Like You,20,2.458788664567513,-4.381383855024713
4bmvfx88H75CcEE0mKXD3q,2.198740507501389,-0.9822899505766072,189143,10,0,4,0.0407,0.753,0.527,0.0149,0.102,-5.411,0.219,0.301,104.997,Certain Death,20,2.198740507501389,-0.9822899505766072
65pbNbbTCE9wuO2OrManUf,-0.2017040192628263,-0.22981878088962188,168973,9,1,4,0.283,0.391,0.878,1.01e-06,0.0797,-3.174,0.0521,0.579,179.749,Try it Like This,20,-0.2017040192628263,-0.22981878088962188
5kkxyqYSQrnHpfsmkjKi81,-3.8023708094091497,3.350906095551894,243280,11,0,4,0.232,0.639,0.815,0,0.299,-4.962,0.252,0.4,159.903,New Orleans,20,-3.8023708094091497,3.350906095551894
04BGOF5G8ztSjRkhhM0SmE,7.081311353954435,0.8145593080724878,252080,8,1,4,0.77,0.561,0.55,0.476,0.0921,-17.419,0.037,0.446,147.01,Permanent,20,7.081311353954435,0.8145593080724878
77RPiWUkclWraANCcG9Zje,4.199110946471569,0.3929159802306412,375347,2,0,4,0.00334,0.275,0.85,0.181,0.147,-8.246,0.0712,0.347,147.443,Fateful Kind Of Rage,20,4.199110946471569,0.3929159802306412
4j7ACYNg1DBjmAvrLhSJx5,-3.0622337469901835,-4.8224876441515665,204307,2,1,3,0.235,0.519,0.484,5.72e-05,0.122,-6.014,0.0263,0.252,126.843,Ole Soledad,20,-3.0622337469901835,-4.8224876441515665
5wvF37kHLf1FzrPHrojSiK,3.518984997221708,1.0415980230642494,233117,5,1,4,0.106,0.608,0.881,0.000232,0.132,-6.353,0.0692,0.505,102.586,Between there and here,20,3.518984997221708,1.0415980230642494
6u5PNKpwoJrMEnCY0hTkAi,5.327319874050748,-0.3387973640856678,504333,2,1,4,0.0783,0.368,0.371,1.27e-05,0.11,-13.426,0.0301,0.267,135.448,Crown Of Thorns,20,5.327319874050748,-0.3387973640856678
6p4BaB3AidFmJh7VA4lp3l,6.512872754213743,-0.7314662273476118,110922,0,1,3,0.983,0.749,0.16,3.7e-05,0.104,-16.838,0.0374,0.177,110.04,Come Out Baby,20,6.512872754213743,-0.7314662273476118
4GXBFrn6Blnp01QA5MUjAq,4.739210964993516,-4.926276771004942,447308,7,1,3,0.000122,0.248,0.79,0.822,0.0514,-8.681,0.0767,0.33,196.224,Making Circles,20,4.739210964993516,-4.926276771004942
6O9BjMCmHASzFfYSDTwZKT,3.2789405445452853,1.8459637561779232,236693,9,1,4,0.0048,0.505,0.769,0.0322,0.0356,-5.853,0.0374,0.407,119.416,A Rhyming Dictionary,20,3.2789405445452853,1.8459637561779232
0kuo7uE3WKpPqpmBUnxko2,-1.862011483608075,0.10749588138385473,208240,4,1,4,0.131,0.603,0.843,0.000503,0.346,-5.896,0.032,0.644,78.436,Essence of a smile,20,-1.862011483608075,0.10749588138385473
0YrZ7DY4XONeVUhhj1kHes,-1.101870716799407,1.3529654036243817,91267,7,1,3,0.981,0.669,0.0878,0.775,0.105,-23.661,0.0489,0.407,71.431,Jazz House,20,-1.101870716799407,1.3529654036243817
4RE3vueod5PL48rvHtuu9C,6.659566586404889,-1.0082372322899507,176827,1,0,4,0.0299,0.631,0.715,0,0.122,-6.083,0.0277,0.42,135.826,Pressure,20,6.659566586404889,-1.0082372322899507
0PCduL4v5QEEKqeRUv7TEC,1.1585478792368955,-3.0861820428336086,225867,0,1,4,0.986,0.381,0.0943,0.915,0.0906,-24.325,0.04,0.0794,127.71,The Gift,20,1.1585478792368955,-3.0861820428336086
5GL9QGFiozGy2qNuWwhSZa,2.4187812557881077,-9.0,221493,9,1,4,0.292,0.367,0.701,0.0518,0.276,-6.536,0.0362,0.493,117.494,Karma Dogs,20,2.4187812557881077,-9.0
2SDx0PooHZI1SQKR0y44bs,-3.382293017225412,-4.537067545304778,187733,0,1,4,0.0242,0.675,0.828,0.0102,0.364,-5.799,0.0454,0.669,122.229,Grace,20,-3.382293017225412,-4.537067545304778
1Wij9PK7rjvsVosd2V3ePW,7.979811076125208,2.935749588138385,265627,4,1,4,0.812,0.467,0.34,0.000146,0.38,-10.655,0.0342,0.236,149.049,Do You Think He Knows:,20,7.979811076125208,2.935749588138385
5GL9QGFiozGy2qNuWwhSZa,0.27838488609001677,0.41886326194398626,221493,9,1,4,0.292,0.367,0.701,0.0518,0.276,-6.536,0.0362,0.493,117.494,Karma Dogs:,20,0.27838488609001677,0.41886326194398626
2ESsNfspVoTIqHuuGbKVQq,4.479162807927393,-0.22981878088962265,377267,2,1,4,0.253,0.519,0.581,0.000905,0.0613,-6.9,0.0337,0.518,115.851,Silent Wings,20,4.479162807927393,-0.22981878088962265
2vkvU6mtXHX4AxPjtuLP0X,-2.02204111872569,-3.135914332784185,186760,0,1,4,0.588,0.514,0.511,0,0.0914,-7.738,0.0264,0.474,150.006,Brad Sucks - I Think I Started a Trend,20,-2.02204111872569,-3.135914332784185
5klF4axPp7dzJj9WROTfI9,7.859788849786998,-0.7228171334431639,131773,2,1,4,1.87e-06,0.315,0.942,0.000195,0.243,-4.706,0.0776,0.513,108.476,Rocket City Riot: Hypodermic,20,7.859788849786998,-0.7228171334431639
51tUT1gHE30GQPhn1agudM,7.079644378588626,7.035420098846788,251987,7,0,4,0.0862,0.839,0.72,0.00697,0.0772,-4.135,0.0483,0.203,122.993,Hideaway,20,7.079644378588626,7.035420098846788
2pkY5WY0A0L7GOdwwK2Sqc,-4.682533802556028,1.04159802306425,252301,5,0,4,0.0462,0.35,0.97,1.47e-05,0.133,-0.358,0.0467,0.239,140.004,Underside,20,-4.682533802556028,1.04159802306425
3JvKfv6T31zO0ini8iNItO,5.619373958140396,-1.5012355848434933,244360,4,0,4,0.695,0.445,0.537,1.6e-05,0.0944,-8.532,0.04,0.131,122.764,Long Way Down,20,5.619373958140396,-1.5012355848434933
0nrWZWkJM62ftQJSI8fDc0,6.539544360066679,2.6243822075782544,240333,0,1,4,0.123,0.478,0.633,0,0.41,-6.19,0.0345,0.287,89.909,World,20,6.539544360066679,2.6243822075782544
15PbIS33vBn2EpptWPR5ua,6.099462863493239,3.2990115321252054,241760,0,1,4,0.0738,0.503,0.815,0,0.751,-7.824,0.0387,0.452,142.467,In Your Place,20,6.099462863493239,3.2990115321252054
3JvKfv6T31zO0ini8iNItO,-3.1222448601592894,-0.12602965403624433,244360,4,0,4,0.695,0.445,0.537,1.6e-05,0.0944,-8.532,0.04,0.131,122.764,Long Way Down,20,-3.1222448601592894,-0.12602965403624433
51tUT1gHE30GQPhn1agudM,3.959066493795147,-2.7726523887973653,251987,7,0,4,0.0862,0.839,0.72,0.00697,0.0772,-4.135,0.0483,0.203,122.993,Hideaway,20,3.959066493795147,-2.7726523887973653
6OylYIXrIH2E3hgg7Dqz5M,6.67957029079459,2.3649093904448106,266200,2,1,4,0.148,0.691,0.718,4.71e-05,0.108,-8.457,0.0317,0.934,110.621,Another time,20,6.67957029079459,2.3649093904448106
6x4mFZqP4ERCUm15takQty,8.199851824411928,1.8719110378912676,284560,2,1,4,0.242,0.655,0.55,0.000139,0.105,-11.044,0.0304,0.53,106.04,Uncommon eloquence,20,8.199851824411928,1.8719110378912676
3yPEILmCGTnIiZx4qs8wIU,4.499166512317095,6.360790774299836,203160,11,1,4,0.749,0.558,0.513,0,0.0901,-9.182,0.032,0.772,163.793,Land of Lincoln,20,4.499166512317095,6.360790774299836
6GBv0Aff8k2XAiLcFBq8X8,0.958510835339878,-1.2677100494233953,225333,7,1,4,0.0229,0.665,0.82,0,0.08,-9.817,0.0359,0.367,105.072,You Bow Down,20,0.958510835339878,-1.2677100494233953
2U8g9wVcUu9wsg6i7sFSv8,3.358955362104093,0.08154859967050966,240796,9,1,4,0.00193,0.425,0.733,0.00922,0.171,-6.883,0.0396,0.313,117.985,Waterfall,20,3.358955362104093,0.08154859967050966
7hKb3mcD1XDXkPM48KTzPm,4.339136877199481,4.207166392092258,235400,11,0,4,0.429,0.605,0.868,0.0714,0.0509,-4.519,0.081,0.501,122.045,The angle of repose,20,4.339136877199481,4.207166392092258
28qba3LWCmnK8v33X3ia7p,4.939248008890535,2.650329489291597,259240,7,1,4,0.0454,0.503,0.825,1.55e-05,0.714,-7.124,0.0494,0.29,98.404,Set fire to the city,20,4.939248008890535,2.650329489291597
5WA0hq0yt2Fup2HjZd6m7s,-1.9586960548249663,-0.13684102141680513,735033,7,1,3,0.589,0.347,0.668,0,0.88,-8.168,0.0705,0.567,155.494,I have a mind,20,-1.9586960548249663,-0.13684102141680513
64gyqTtDDel7B2NoEkOa0A,-0.5617706982774592,0.9897034596375608,259144,1,1,4,0.623,0.645,0.658,1.91e-05,0.107,-6.625,0.0532,0.19,77.021,In the Movies,20,-0.5617706982774592,0.9897034596375608
6o4hRNyMUKs0JiQRslWlOQ,-1.3819225782552325,-0.8525535420098861,172817,0,0,4,0.0918,0.779,0.601,0.876,0.0994,-8.209,0.157,0.0676,177.81,Human needs,20,-1.3819225782552325,-0.8525535420098861
51CWG1jck4bCwpXyQaEzpy,4.899240600111131,-2.8764415156507424,344160,10,1,4,0.675,0.551,0.12,0.00114,0.113,-15.684,0.0369,0.0687,126.953,Walk among the bones,20,4.899240600111131,-2.8764415156507424
1rQlX6qhy2DN4NjR5WtI81,0.11835525097240243,4.5963756177924235,164373,9,1,3,0.594,0.466,0.531,0.000186,0.101,-7.045,0.0329,0.233,133.847,You barely see me,20,0.11835525097240243,4.5963756177924235
7cioKB5CHVzk09SOtTyn0T,-0.5017595851083532,2.961696869851728,369040,1,0,4,0.103,0.436,0.534,0.00643,0.507,-9.416,0.0773,0.325,122.822,Haunted,20,-0.5017595851083532,2.961696869851728
1FSWSs9CL01RCYxXtm08Rf,-3.0022226338210776,-1.4233937397034606,202227,11,0,4,0.305,0.672,0.748,0,0.0811,-5.922,0.0589,0.964,163.984,Didn't You Know?,20,-3.0022226338210776,-1.4233937397034606
3tZm76otWH20xzJC7icHCk,3.5789961103908126,0.9897034596375608,270893,10,1,4,0.355,0.856,0.755,0.000621,0.145,-5.691,0.0331,0.842,123.883,Didn't I,20,3.5789961103908126,0.9897034596375608
3J6d6HHUo4asU5KfmakhVE,-2.242081867012409,0.15939044481054293,570203,3,0,4,0.806,0.399,0.999,0.889,0.945,-19.593,0.0371,0.0085,72.763,Driftwood fire,20,-2.242081867012409,0.15939044481054293
4eidd3EhNcWOL7BlWLrI6t,5.419336914243377,1.7681219110378896,198547,2,0,4,0.619,0.626,0.414,0,0.104,-10.505,0.0484,0.326,137.123,My heart still beats,20,5.419336914243377,1.7681219110378896
1NY2tfzHnTKb0DLOvRsy2A,7.359696240044452,0.9118616144975287,178733,9,1,4,0.574,0.566,0.624,0.0037,0.215,-8.374,0.0307,0.821,120.778,Sunday Again,20,7.359696240044452,0.9118616144975287
0Gp3ADrBugcgmwNyoSBGXM,-0.7218003333950728,1.2491762767710037,309480,7,1,3,0.442,0.59,0.375,0.00175,0.114,-11.064,0.0271,0.195,113.853,Cornflakes for supper,20,-0.7218003333950728,1.2491762767710037
4etNL4PavC45U3KyF9zl87,-5.14261900351917,-3.5251235584843497,229747,7,1,4,0.854,0.668,0.388,4.37e-06,0.0673,-10.327,0.0292,0.497,122.641,Maybe Meagan,20,-5.14261900351917,-3.5251235584843497
6ImeIerxu70OpqXSLH0Orm,-0.9018336729023894,2.105436573311367,112933,5,1,4,0.0424,0.874,0.643,0.0003,0.0967,-10.383,0.0312,0.797,101.525,Ring around the rosey,20,-0.9018336729023894,2.105436573311367
5UDn6bOBap0bQqtPGJdlwi,2.1187256899425813,-2.7726523887973653,142133,7,1,4,0.293,0.612,0.83,0.000161,0.0829,-6.818,0.038,0.905,96.523,He Should Love Her,20,2.1187256899425813,-2.7726523887973653
7Lf7oSEVdzZqTA0kEDSlS5,-0.6217818114465642,1.3010708401976916,288333,8,0,4,0.575,0.624,0.653,0,0.104,-6.582,0.176,0.565,73.884,Justified,20,-0.6217818114465642,1.3010708401976916
5TAoNdWvk0Q5EPYFFGKkBJ,0.17836636414150747,-3.992174629324548,288838,7,1,4,0.0388,0.712,0.489,0,0.105,-10.11,0.328,0.164,72.813,Mr. Myers,20,0.17836636414150747,-3.992174629324548
1LZbB5B4TAo5Qo9dOuiHjm,6.8395999259122044,1.1713344316309715,393427,11,1,4,0.139,0.797,0.891,0.912,0.306,-14.709,0.067,0.698,130.011,Abstract Power Remix (by DiViD),20,6.8395999259122044,1.1713344316309715
1jhBlOM8nBL48q56qCBxtk,-1.988449992486379,3.1369634142550744,214027,10,0,4,0.0192,0.763,0.837,0.811,0.247,-11.823,0.0585,0.858,159.952,Sproing-A-Dub,20,-1.988449992486379,3.1369634142550744
6q5F4SkRiYcIb2O3qD6RRs,-4.122430079644378,2.452553542009883,259000,0,0,4,0.631,0.36,0.453,0.0686,0.0901,-12.938,0.049,0.0514,139.991,Dominus Illuminato Mea,20,-4.122430079644378,2.452553542009883
5wU6jk9kxYzFGUpeE6T2Q5,-4.364474902759769,-3.78355848434926,243520,0,1,4,0.00208,0.581,0.75,0.000442,0.109,-7.211,0.0304,0.325,132.195,Beneath the Skin,20,-4.364474902759769,-3.78355848434926
5U9oLGkHZxF53ygWpP31hT,2.1056797957753846,-0.9134732469020848,240000,0,1,4,0.885,0.63,0.242,0.892,0.0904,-16.499,0.0303,0.134,108.023,Eye Heart Knot,20,2.1056797957753846,-0.9134732469020848
1sT806BdT4n5oQ6QskcAdb,-2.2806075199110944,3.1957029104887424,416413,7,1,4,0.0058,0.806,0.777,0.93,0.11,-7.306,0.0518,0.079,123.007,Blue-tinted Sunglasses,20,-2.2806075199110944,3.1957029104887424
45AkDDm2MXd9AaUeDrhi4R,-3.205593628449712,2.1048960049423395,210480,2,0,4,0.364,0.879,0.617,0.0203,0.117,-5.011,0.231,0.702,124.934,Electro Jive,20,-3.205593628449712,2.1048960049423395
1nYw0va8CDNF7FKqjvjWFf,-5.966581112904505,-1.3158978583196055,191307,0,0,4,0.312,0.511,0.873,0.000914,0.173,-5.324,0.0289,0.738,135.696,House Of Tomorrow,20,-5.966581112904505,-1.3158978583196055
7waZQV8aMT405seWNuWvt0,-6.6464268982273405,-1.145605194301773,382840,7,1,4,0.0074,0.794,0.873,0.829,0.108,-7.969,0.0401,0.776,127.963,Known Bugs,20,-6.6464268982273405,-1.145605194301773
1s7egXFpKAkd5VQBYwVf35,-3.8911532080408895,-2.2561358617547054,288000,5,1,4,0.000295,0.363,0.942,6.46e-06,0.329,-5.657,0.0605,0.323,163.235,Murder Machine,20,-3.8911532080408895,-2.2561358617547054
6s7y1qTFNGGynLBFXq4uHt,-5.13461752176329,1.7675453047775942,458133,1,0,4,0.061,0.799,0.832,0.932,0.0914,-11.719,0.046,0.118,128.014,Skunk Werks,20,-5.13461752176329,1.7675453047775942
0AXQFmU88hVhan5teKTPl5,-3.1439510074757737,-1.8529040625328617,220446,3,0,4,0.992,0.0657,0.0739,0.934,0.119,-20.907,0.0454,0.0358,57.31,moments of clarity,20,-3.1439510074757737,-1.8529040625328617
30dpzlEDkhGMGdBVUFETid,-3.1745622408708165,-1.4852680268660505,215053,4,0,4,0.0466,0.765,0.317,0.482,0.124,-12.178,0.0495,0.352,70.918,7 Nine Skank,20,-3.1745622408708165,-1.4852680268660505
7IJvxxpfiKbDM2EUy1CcZ0,5.918376697439097,2.217874794069192,423680,4,0,4,0.000146,0.756,0.937,0.769,0.0938,-8.074,0.0407,0.307,129.995,Spear Burn,20,5.918376697439097,2.217874794069192
1j08GhNruTd5fmOfQrNE0p,-5.388787039172032,0.8800894328077183,239467,1,1,4,0.0536,0.816,0.711,0,0.129,-4.582,0.33,0.53,91.72,Roots Fi Cool,20,-5.388787039172032,0.8800894328077183
56LeMNuo53uxNDHhho6xuu,-4.977588442304131,-0.5476729818780897,386267,2,1,4,0.000734,0.738,0.685,0.829,0.0982,-8.051,0.0488,0.143,128.987,Starbase Lounge Music,20,-4.977588442304131,-0.5476729818780897
48BAsHNpx5Mc75xHdjVoXB,-2.3567372458314315,1.9788644673926137,19640,3,0,3,0.893,0.581,0.997,4.42e-05,0.756,-16.493,0.798,0.0366,80.498,Introduction,20,-2.3567372458314315,1.9788644673926137
1B3eQOowqfL9wK6vongZYi,-6.964623078347844,-0.5491144975288303,441600,0,0,4,0.053,0.512,0.565,0.867,0.111,-11.841,0.0356,0.053,125.014,Distant Activity,20,-6.964623078347844,-0.5491144975288303
21TgXRMWhwrQz5BsUOTUM4,1.45965627162925,-6.730295673285356,273320,6,1,4,0.0974,0.672,0.62,0.773,0.0993,-8.642,0.0332,0.183,95.024,Revolver (Featuring Canola Tenderfoot),20,1.45965627162925,-6.730295673285356
2aRLK7bpZpc328poE1Oqtn,-2.8021855899240595,0.9009364432498059,161067,11,1,4,0.116,0.423,0.95,0,0.324,-3.569,0.0825,0.612,163.874,Viva La Revolucion,20,-2.8021855899240595,0.9009364432498059
47a5MMfdDCiH4G6LNhsFnX,6.5275421374328575,2.0466227347611197,384173,6,0,4,9.25e-06,0.781,0.912,0.908,0.0877,-7.008,0.0683,0.264,131.015,Electro Kinetic,20,6.5275421374328575,2.0466227347611197
6jZLw7NDn4CH76eTI8TMGG,-5.984313334378161,-3.0660562666328732,154827,3,0,4,0.181,0.69,0.959,0,0.364,-2.833,0.298,0.55,88.029,Talk Box,20,-5.984313334378161,-3.0660562666328732
3AHbmf5Jt282ebdkGWwozI,-1.683645119466568,-1.4688014827018125,135120,5,1,4,0.487,0.604,0.571,0,0.0937,-9.606,0.225,0.562,124.875,Blue Line,20,-1.683645119466568,-1.4688014827018125
6ilOX4nhd5l1A3qvRI8VmL,-5.552694943508056,-0.11305601317957178,332591,1,1,4,0.825,0.28,0.482,0.891,0.443,-15.975,0.0474,0.364,66.98,trioxidation,20,-5.552694943508056,-0.11305601317957178
7HvOpLPX3Acs9EHYydzBPD,-7.4780514910168545,-3.0861820428336086,379920,10,0,4,0.00327,0.441,0.625,0.537,0.0975,-11.725,0.0362,0.205,108.696,Hans Christian : Desperado,20,-7.4780514910168545,-3.0861820428336086
7gLQhAnRFcTojLXeDCIpMb,-3.865715873309872,-3.657022240527183,364920,4,0,4,0.131,0.501,0.546,0.361,0.17,-13.82,0.0815,0.775,90.006,Ruff and Tumble (Mr Epic),20,-3.865715873309872,-3.657022240527183
5jgb3kQSdYmju09UqfsCQN,-9.0,-2.2537067545304783,475787,5,1,4,0.000773,0.606,0.995,0.816,0.0965,-7.279,0.0435,0.148,140.011,Sunset (Endless Night Journey remix),20,-9.0,-2.2537067545304783
2o6dWVVORwk1JR0PjZb2EA,7.231672531950362,5.034019769357496,126000,9,0,3,0.963,0.271,0.11,0.876,0.172,-23.762,0.0401,0.0349,115.111,Interplanetary Travel,20,7.231672531950362,5.034019769357496
7mv1YRIm56fj9VUQxiojUd,-2.123726616040007,-0.3033360790774314,478373,9,0,4,0.00293,0.64,0.995,0.89,0.134,-7.562,0.0488,0.106,138.004,Sunset (138 BPM Remix),20,-2.123726616040007,-0.3033360790774314
4Lou0cIilqnu4v5eAZHCYJ,-3.9757362474532316,2.883855024711695,216602,7,0,4,0.114,0.696,0.579,0,0.126,-4.079,0.0322,0.201,116.954,Manteia,20,-3.9757362474532316,2.883855024711695
2NZkPiojRVvsTkjaSqAKUP,-0.9685126875347292,-5.060337726523889,304240,9,1,4,0.35,0.452,0.612,0,0.633,-10.964,0.0826,0.62,125.539,Summer Night Heaven,20,-0.9685126875347292,-5.060337726523889
0HVba4HUwHnGlkHNitXMEL,-4.402481941100204,1.1453871499176274,203573,8,1,4,0.378,0.68,0.571,0,0.103,-7.054,0.222,0.0911,145.021,Bad Dreams,20,-4.402481941100204,1.1453871499176274
3gHYWCmuJ2YGgIiA4lunqe,-8.321541026115947,-1.492586490939044,320000,9,0,4,0.0626,0.367,0.408,0.862,0.0936,-11.691,0.0304,0.0665,120.013,He Is Leaving Us,20,-8.321541026115947,-1.492586490939044
1QVF9JOvsO9koQhq1XQTzy,-1.2218929431376175,2.442751235584842,354213,11,0,4,0.198,0.775,0.805,0.111,0.0912,-8.594,0.0518,0.717,114.886,Meditation,20,-1.2218929431376175,2.442751235584842
5UVsbUV0Kh033cqsZ5sLQi,7.356362289312834,5.571560955518946,199653,8,0,4,0.145,0.451,0.62,0.0239,0.0677,-5.609,0.0361,0.5,123.487,Terminus,20,7.356362289312834,5.571560955518946
4b98MJjH17vEgCEl4y4AOU,7.021062101447357,5.106054365733115,231427,9,0,4,0.536,0.344,0.468,0.887,0.108,-15.347,0.0477,0.054,120.033,Opening yet closing,20,7.021062101447357,5.106054365733115
51wraBsCPN2svE8Ircwmlr,-2.782181885534358,1.0415980230642494,194785,8,1,4,0.369,0.743,0.239,0,0.159,-7.632,0.0384,0.236,93.881,Lost,20,-2.782181885534358,1.0415980230642494
2XogRQmxKGFdOAqwe8rBPU,-0.45508427486571557,-5.084122734761121,123227,1,1,4,0.994,0.0688,0.00613,0.961,0.0643,-27.773,0.0487,0.0334,73.661,Vernal Equinox,20,-0.45508427486571557,-5.084122734761121
2JTmQJF5E0UdUxQNROWbmZ,2.5338025560288933,-2.1109967051070844,220987,6,0,4,0.00113,0.432,0.94,0.0473,0.208,-7.424,0.0384,0.612,163.96,Delirious,20,2.5338025560288933,-2.1109967051070844
7N1Vjtzr1lmmCW9iasQ8YO,-3.0405630672346726,1.9324546952224038,224533,11,0,4,0.125,0.813,0.703,1.26e-06,0.237,-5.077,0.268,0.241,94.828,Survival,20,-3.0405630672346726,1.9324546952224038
4TYEIckMi7PTCh1kiknKSy,-7.551398407112426,-2.729406919275125,479467,5,0,4,0.612,0.437,0.438,0.393,0.0736,-12.919,0.0444,0.845,174.256,Knucklehead,20,-7.551398407112426,-2.729406919275125
5H6NuwaD50Bju3vMZvAfC2,5.265975180588997,-0.3033360790774298,363960,10,1,4,0.75,0.506,0.497,0.905,0.1,-21.268,0.0408,0.0788,145.006,Sartinal I,20,5.265975180588997,-0.3033360790774298
6Ty1FgICCwfW9OjiOjyitK,5.742730135210224,-1.778006589785832,391427,11,1,3,0.194,0.151,0.562,0.923,0.123,-11.455,0.0399,0.0387,136.066,Ferrilotyr,20,5.742730135210224,-1.778006589785832
1Lma3yrNXT5xkQmRDAvoMW,-0.8556712781569237,0.512672665061462,269093,6,1,4,0.000287,0.601,0.773,0.481,0.112,-7.365,0.0318,0.38,122.004,Deep House,20,-0.8556712781569237,0.512672665061462
5Xjcst6Rle74VteHx0zczO,-0.7818114465641784,-1.7088138385502467,489453,2,1,4,0.136,0.363,0.533,0,0.358,-8.319,0.0314,0.0693,144.005,Spirit Walker,20,-0.7818114465641784,-1.7088138385502467
07CP9WUh7LMCrDDNF2Tkfk,0.31505834413780404,1.0524093904448097,278987,9,0,4,0.00538,0.652,0.694,0.822,0.196,-11.267,0.0713,0.456,91.007,Mr Gelatine: Unknown Quantity,20,0.31505834413780404,1.0524093904448097
26zWsJ2K7yvpMi6zZBZPTM,2.3264564662971776,-1.5950449879609694,343853,0,1,4,0.182,0.451,0.429,0.000967,0.094,-11.562,0.0316,0.254,128.401,Where the Earth Is,20,2.3264564662971776,-1.5950449879609694
4yCVwfQaA2qXER2jAYVVqu,7.484719392480088,-1.2309514003294908,127910,10,0,4,0.0459,0.49,0.928,0.945,0.338,-3.476,0.082,0.622,121.711,Memories of Tomorrow,20,7.484719392480088,-1.2309514003294908
4SaqoEfn55YazL0HvGKiDs,-6.377847749583255,2.289229818780889,400630,10,0,4,0.00817,0.745,0.901,0.918,0.323,-8.149,0.108,0.0194,127.024,Click Here,20,-6.377847749583255,2.289229818780889
5brHijrNA7UAFw74p4f5v3,-8.028153361733652,-0.06548599670510738,223847,5,0,4,0.0632,0.623,0.493,0,0.104,-7.727,0.0338,0.594,81.019,Down Low,20,-8.028153361733652,-0.06548599670510738
6Ic2MP2hzoBLe3r1VIle8J,-5.791072420818669,0.2437191103789113,180053,5,0,4,0.188,0.83,0.594,4.85e-06,0.0881,-5.4,0.0432,0.718,140.006,ting,20,-5.791072420818669,0.2437191103789113
6l6bS5HsfZT5cRS9cnLGBd,-5.882756065938137,-1.5877265238879747,257384,1,1,5,0.842,0.275,0.466,0.285,0.39,-5.161,0.0302,0.204,111.482,Plethora,20,-5.882756065938137,-1.5877265238879747
6PwKRNfgdACRee1SO0SRRp,-6.176143730320429,1.6946046128500816,191550,8,1,4,0.0421,0.752,0.66,1.42e-05,0.384,-4.709,0.258,0.799,127.89,Mad bull,20,-6.176143730320429,1.6946046128500816
7hzlzoOwCZ4D3Ow5YZK4kj,-3.737358770142618,2.8838550247116967,179746,7,1,4,0.0944,0.754,0.653,0,0.383,-5.095,0.0611,0.379,123.084,Insomnia,20,-3.737358770142618,2.8838550247116967
5hgY9L6kK18vm7rK8Sx4oh,-2.379030304757291,1.2811113927258895,200307,3,1,4,0.525,0.616,0.474,0.19,0.348,-10.096,0.0338,0.918,130.554,A Signal from Mars,20,-2.379030304757291,1.2811113927258895
2J7GqrzmmJxVAoG0g3Mbof,-2.4904611965178733,3.8828253706754525,260560,5,1,3,0.163,0.54,0.578,0.121,0.255,-11.825,0.0393,0.495,160.052,Futurengine,20,-2.4904611965178733,3.8828253706754525
7v2yfaJ1RcMIW6zI2bjJW3,6.146138173735878,2.1227347611202645,271893,2,0,3,0.968,0.101,0.0712,0.962,0.109,-24.396,0.044,0.0391,89.266,Eventide,20,6.146138173735878,2.1227347611202645
44lepW264VGX7VgzwSzpk1,-4.709205408408964,-2.9434719934102147,229373,9,1,4,0.0922,0.643,0.731,0,0.597,-7.215,0.285,0.788,191.84,Odysseia,20,-4.709205408408964,-2.9434719934102147
4dSYWupeStIqSivFfWydA0,0.20503796999444424,-2.206136738056014,298655,9,1,4,0.789,0.484,0.309,8.95e-05,0.199,-11.807,0.0323,0.228,108.127,Ping Heng,20,0.20503796999444424,-2.206136738056014
2XU2O5hIjettCX0QhAtMfu,8.459899981478053,7.0613673805601325,127307,9,1,4,0.825,0.167,0.291,0.227,0.154,-13.586,0.0382,0.036,74.407,Saalik,20,8.459899981478053,7.0613673805601325
1pWvzDKzNtKZQQC3w1opIN,0.5717725504723095,5.547775947281714,304773,1,1,4,0.00639,0.552,0.904,0.886,0.0361,-7.131,0.0714,0.134,124.728,Beledi  4:4,20,0.5717725504723095,5.547775947281714
36KGP1dk6Pq4Vaalswving,-3.7162010058842805,0.5829299201622102,224903,5,1,4,0.0251,0.338,0.889,0,0.141,-3.08,0.0515,0.131,155.003,Rebirth,20,-3.7162010058842805,0.5829299201622102
10WobHNbDyqUBpSc2tfw8m,-4.177440266716058,-2.325061779242176,192000,0,0,4,0.0148,0.478,0.957,0.000351,0.309,-2.994,0.0451,0.278,149.992,Paradise lost,20,-4.177440266716058,-2.325061779242176
5r3aYGutXgsxSqB6W3RrzJ,-1.041859603630301,6.879736408566724,193481,1,1,4,0.0114,0.633,0.818,0,0.259,-5.437,0.0376,0.337,121.975,Sunlight,20,-1.041859603630301,6.879736408566724
29z6nESQsLBgtJkUXOJvGN,-3.847379144285979,2.3605848434925867,212040,6,1,4,0.226,0.744,0.397,0,0.124,-9.778,0.0296,0.289,109.841,From Here to There,20,-3.847379144285979,2.3605848434925867
3zysUO4G8PJisOJzIWaytS,-6.880798031381472,-4.455518945634268,226720,4,0,4,0.11,0.667,0.805,0,0.132,-3.449,0.24,0.385,184.117,Dezert,20,-6.880798031381472,-4.455518945634268
6rSC9yJJpQUyUJAOIFGHKe,8.878310798295981,1.6708196046128503,283853,5,0,4,0.0353,0.804,0.924,0.649,0.134,-8.915,0.0602,0.7,119.973,Zabudni na to,20,8.878310798295981,1.6708196046128503
2gVoH9HJVo1Ht0huKcdhtB,-5.717725504723097,2.3605848434925867,400773,2,1,4,0.00575,0.751,0.894,0.811,0.116,-6.568,0.0568,0.37,129.998,Lighting fly,20,-5.717725504723097,2.3605848434925867
7fCVp1safGDNIbEBODVVyG,-5.8827560659381355,1.7421746293245461,125280,4,0,4,0.162,0.739,0.757,0.856,0.0763,-12.392,0.0496,0.23,90.0,Ambi Crack,20,-5.8827560659381355,1.7421746293245461
4oPNN7syJYSjzDhRerF966,-4.874235969624005,-0.6125411861614505,430800,4,0,3,0.16,0.838,0.304,0.0257,0.0828,-9.975,0.0628,0.221,112.618,Untitled,20,-4.874235969624005,-0.6125411861614505
5xwv3ROqFwTWNPx7zNUODZ,1.0301907760696425,4.667730642504117,158407,6,1,4,0.0885,0.892,0.731,3.1e-05,0.121,-6.05,0.207,0.762,146.969,Push,20,1.0301907760696425,4.667730642504117
5JoWrdO89AWiAdpgbs2h0s,-6.707908872013335,4.16824546952224,250288,11,0,4,0.1,0.695,0.957,0,0.072,-2.173,0.183,0.705,125.996,African Dance,20,-6.707908872013335,4.16824546952224
2mqOYFXvkB2N9B4zDKHlgA,2.8088534913872945,4.192030477759474,56500,4,1,4,0.333,0.778,0.699,5.61e-06,0.467,-6.793,0.034,0.904,120.001,Monkey Party,20,2.8088534913872945,4.192030477759474
3wHIQCwavlWcsup4e0HLPu,1.298573809964808,7.735996705107083,342347,1,0,4,0.00419,0.549,0.67,0,0.441,-4.625,0.0649,0.387,114.904,Double trust,20,1.298573809964808,7.735996705107083
0R9bggshSv5dDUGcT8ibz4,3.8907205037970005,2.5270799011532126,254787,7,1,4,0.00142,0.552,0.803,0.836,0.174,-8.703,0.0474,0.657,120.027,Buy my pullovers,20,3.8907205037970005,2.5270799011532126
3MtaskYDcrlI7IotqoOLRg,4.27579181329876,0.790774299835254,703000,8,1,4,0.992,0.196,0.0605,0.887,0.409,-21.828,0.0449,0.0356,71.647,Wind Barber,20,4.27579181329876,0.790774299835254
3SUHoyKOmNCGp8B5Iv18IJ,-6.712140424865003,-0.32163223925991613,304876,6,0,4,0.00029,0.545,0.932,0.0429,0.307,-5.269,0.0404,0.413,135.067,Other Self,20,-6.712140424865003,-0.32163223925991613
1dTQhF5m2wB7ACiGPLNqwa,2.9005371365067596,7.973846787479406,62415,11,0,5,0.85,0.429,0.348,0.926,0.0948,-18.548,0.102,0.054,83.14,Never Look Away,20,2.9005371365067596,7.973846787479406
2iH0igbtIYSYcXB3bxkKE2,0.333395073161697,1.980024711696869,273167,5,0,4,0.427,0.627,0.762,0,0.6,-6.932,0.0527,0.216,93.014,Death and rain,20,0.333395073161697,1.980024711696869
6ugEf2gNpxchiUX46N2B8O,5.100944619373956,4.858010708401976,267733,11,1,4,0.144,0.925,0.879,5.77e-05,0.205,-2.156,0.453,0.653,139.414,2k1,20,5.100944619373956,4.858010708401976
38gPux5PW2pM5HYHjTP9ym,1.6186330802000373,1.482701812191103,219000,2,0,4,0.436,0.753,0.664,0,0.251,-8.931,0.323,0.65,159.934,Tokyo Story,20,1.6186330802000373,1.482701812191103
7o0FJ2VwqLinNkI6n4IGHW,7.4297092054084075,0.4102141680395379,229747,6,1,4,0.00377,0.598,0.861,1.27e-05,0.219,-5.125,0.0367,0.376,120.023,Free Energy ,20,7.4297092054084075,0.4102141680395379
1TkEWtBcGGo3iEryzHB7LG,2.0937210594554543,6.903521416803954,294256,7,1,4,0.928,0.644,0.324,0.963,0.0933,-21.811,0.0502,0.523,91.365,Soul Captain,20,2.0937210594554543,6.903521416803954
7cM9Kqto11iJpY2RwgVJSq,-4.507501389146138,0.1485790774299825,240013,1,0,4,0.26,0.812,0.472,0,0.285,-6.806,0.0603,0.457,92.951,Flare,20,-4.507501389146138,0.1485790774299825
2OHcxAYzEjAsuXFBNPRKUy,2.2037414335988137,4.382310543657329,387892,0,0,4,0.304,0.739,0.327,0.872,0.0717,-21.067,0.087,0.513,75.026,Cafe del Soul,20,2.2037414335988137,4.382310543657329
15rlNT2YQPrJhellZr6ulL,6.182811631783663,5.500205930807247,382160,0,1,4,0.406,0.642,0.845,0.0616,0.0845,-4.764,0.0711,0.77,124.999,Vibes of Comfort,20,6.182811631783663,5.500205930807247
6HHtTXPyBTJsLQT0y3afnm,-8.413224671235414,0.3388591433278413,255683,9,1,4,0.0235,0.522,0.677,0,0.195,-7.165,0.0831,0.215,135.906,Devil in Love,20,-8.413224671235414,0.3388591433278413
7xR6hQnqYOjpBu343MRMqa,-1.8486756806816071,0.19614909390444768,226933,10,0,4,0.00292,0.577,0.872,0.00827,0.346,-7.769,0.0457,0.777,150.066,Flying,20,-1.8486756806816071,0.19614909390444768
77XlfkvXtMwppbEU5sku97,4.713052274637754,1.6104422760106447,205387,11,0,4,0.0526,0.443,0.797,0,0.0997,-5.329,0.0351,0.521,123.428,Easter,20,4.713052274637754,1.6104422760106447
510UgVCpnUaQ5ACHW2J8gu,4.844230413039452,7.831136738056012,186062,10,0,4,0.155,0.717,0.741,0,0.133,-6.645,0.053,0.188,105.997,Frequencies,20,4.844230413039452,7.831136738056012
3LDefGtx6L0wV6u8zckjUu,-1.2068901648453416,3.02656507413509,211253,1,1,4,0.298,0.77,0.827,0.000357,0.199,-8.754,0.0369,0.888,109.058,Night to Remember,20,-1.2068901648453416,3.02656507413509
4iImBjNUUeG961DOIaqXen,-0.5817744026671606,-6.40527182866557,187924,5,0,4,0.12,0.699,0.656,0.848,0.133,-8.344,0.0341,0.831,106.047,Smooth Guitar,20,-0.5817744026671606,-6.40527182866557
0p34Y0tZFOvG3UpZQizOzv,3.078903500648268,3.2471169686985175,228690,3,0,4,0.0036,0.658,0.983,0.0189,0.0915,-2.021,0.0534,0.326,126.018,Viento,20,3.078903500648268,3.2471169686985175
4H0gta6IBb9vkE9En9qV6P,-4.507501389146138,2.5032948929159797,422747,0,1,4,3.18e-05,0.778,0.89,0.925,0.0607,-9.71,0.0686,0.558,141.876,Shura Remix (Deadpan Escapement vinyl only release),20,-4.507501389146138,2.5032948929159797
