2.0,-3.52836879433,1.70921985815
3.0,-4.79432624114,2.68439716312
4.0,3.69565217391,3.42028985507
5.0,-4.4246031746,2.64285714286
6.0,-2.09848484849,1.70075757576
7.0,-1.8085106383,2.56382978724
8.0,4.90070921986,6.16666666667
9.0,-1.82971014493,2.625
10.0,-3.27272727272,1.75757575758
11.0,6.6524822695,4.39007092198
12.0,-2.8829787234,1.01773049646
13.0,3.33660130719,5.95424836601
14.0,-1.57092198582,0.932624113475
15.0,-1.69727891157,2.40136054422
16.0,-3.32575757576,1.0303030303
17.0,5.98484848485,0.261363636361
18.0,-4.73504273505,2.55128205128
19.0,4.69607843137,6.98039215686
20.0,-2.43971631206,1.8865248227
21.0,-2.5,1.3
22.0,-3.22222222222,3.15185185186
23.0,-0.308333333328,3.98750000001
24.0,4.58695652174,4.70652173913
25.0,5.75510204082,3.01700680272
26.0,1.42753623188,3.07608695652
27.0,5.10606060606,4.98484848485
28.0,4.95833333333,1.53333333333
29.0,1.33024691358,5.94135802469
30.0,-2.02777777778,1.99652777779
31.0,5.32246376811,5.97826086956
32.0,-2.37234042553,2.12411347518
33.0,-3.28409090909,1.84848484848
34.0,-5.54285714286,1.02380952381
35.0,2.25333333333,5.55999999999
36.0,-3.96078431373,1.75490196078
37.0,-2.90196078432,1.66666666667
38.0,-1.51851851852,1.03703703704
39.0,-3.55882352941,0.833333333338
40.0,6.83333333334,5.78947368421
41.0,6.57843137255,4.3137254902
42.0,-0.464912280702,3.25438596491
43.0,-2.30392156863,2.24509803922
44.0,1.80392156864,2.73333333334
45.0,-1.33333333334,2.8431372549
46.0,-3.86274509804,0.156862745097
47.0,-4.28431372549,2.93137254902
48.0,-4.04901960784,-0.588235294115
49.0,0.421568627447,1.73529411764
50.0,0.598039215682,-1.25490196079
51.0,4.89215686274,4.70588235294
52.0,-2.51851851852,2.0
53.0,5.61574074074,3.4861111111
54.0,5.3137254902,1.67647058823
55.0,2.5462962963,4.75
56.0,-1.39814814814,1.21296296296
57.0,-3.64814814815,3.08333333333
58.0,0.46296296296,1.76851851852
59.0,3.57843137254,1.39215686274
60.0,5.06862745098,3.66666666668
61.0,-3.51960784313,0.803921568632
62.0,3.70370370371,3.67592592593
63.0,5.32352941176,6.08823529412
64.0,-2.89215686274,1.32352941176
65.0,3.33333333333,4.91176470589
66.0,6.92156862745,5.29411764706
67.0,4.02941176471,2.43137254902
68.0,-0.107843137252,2.59803921569
69.0,-3.64814814815,1.4537037037
70.0,-2.88596491228,3.67543859649
71.0,-1.07407407407,1.52777777778
72.0,3.22549019607,5.09803921568
73.0,3.24509803922,3.26470588236
74.0,-0.42156862745,3.05882352941
75.0,3.14814814815,2.18518518518
76.0,3.95098039217,2.76470588235
77.0,2.39215686275,1.26470588235
78.0,-1.79411764706,3.73529411765
79.0,4.29411764706,4.13725490196
80.0,2.16666666667,4.46078431373
81.0,2.30392156863,5.17647058824
82.0,4.55208333333,5.0
83.0,-5.77083333333,1.87499999999
84.0,-0.593137254901,2.58333333333
85.0,-2.53921568628,2.71568627451
86.0,3.10784313725,3.36274509804
87.0,1.72222222222,1.5462962963
88.0,-4.03921568627,2.1568627451
89.0,4.05882352941,2.48039215686
90.0,-5.90196078431,2.51960784314
91.0,5.20588235294,3.43137254902
92.0,-3.56862745098,-0.715686274512
93.0,-2.60784313726,3.40196078432
94.0,-5.31372549019,2.16666666667
95.0,1.01960784313,2.8431372549
96.0,3.50980392156,5.97058823529
97.0,-1.13725490196,4.21568627451
98.0,-0.19607843137,-0.441176470583
99.0,-3.90196078431,1.54901960784
100.0,-4.14705882353,2.41176470588
101.0,3.67647058824,2.41176470589
102.0,1.21666666667,1.64
103.0,-2.75163398693,3.92483660131
104.0,4.11805555556,3.03819444445
105.0,-0.344444444441,2.65925925926
106.0,0.0984848484884,0.659090909094
107.0,-3.49621212121,0.95075757576
108.0,0.73106060606,3.3446969697
109.0,1.60087719298,1.4298245614
110.0,4.85869565217,2.72463768116
111.0,3.15217391304,0.0289855072418
112.0,5.44333333333,4.70666666667
113.0,1.22756410256,1.26282051282
114.0,-4.64855072464,1.09782608696
115.0,2.57692307692,1.00320512821
116.0,2.19565217392,0.985507246376
117.0,-0.520408163271,2.58843537415
118.0,-3.47777777778,1.78148148148
119.0,-4.31140350877,2.48684210526
120.0,5.39333333333,4.03333333333
121.0,1.34615384615,2.94871794872
122.0,6.125,0.841666666671
123.0,-1.40350877193,3.17543859649
124.0,5.29411764706,5.07843137255
125.0,-0.25,1.0
126.0,2.92857142857,2.67857142857
127.0,6.53571428571,5.02380952381
128.0,4.85714285715,2.07142857142
129.0,3.96666666666,3.81111111111
130.0,4.46428571428,4.77380952381
131.0,5.13095238095,2.46428571428
132.0,-1.90476190476,-3.10714285714
133.0,0.345238095237,3.39285714286
134.0,-4.20238095239,1.28571428572
135.0,-2.7,1.82222222222
136.0,-1.84523809524,1.30952380953
137.0,5.59523809524,2.54761904762
138.0,5.4761904762,2.76190476191
139.0,4.59523809523,4.2619047619
140.0,4.44047619047,0.702380952383
141.0,5.84615384616,4.58974358975
142.0,0.357142857149,-0.428571428569
143.0,-1.58888888889,-2.81111111111
144.0,-0.714285714285,1.77380952381
145.0,5.57142857143,3.40476190477
146.0,-5.21428571428,0.345238095241
147.0,-0.999999999998,2.57142857143
148.0,0.107142857143,1.75
149.0,3.29761904761,3.20238095238
150.0,-3.54761904762,1.9880952381
151.0,0.738095238092,1.55952380953
152.0,0.769230769231,3.41025641026
153.0,4.78571428571,1.26190476191
154.0,-2.92857142857,1.25
155.0,0.41666666666,2.20238095238
156.0,1.03571428571,1.94047619048
157.0,6.30952380952,7.07142857142
158.0,0.440476190477,0.464285714289
159.0,1.84523809524,3.03571428572
160.0,1.33333333333,2.55952380953
161.0,3.7380952381,0.511904761903
162.0,4.35714285714,-2.32142857143
163.0,4.83333333334,2.14285714286
164.0,0.999999999996,2.35714285714
165.0,-1.79761904763,1.7380952381
166.0,-4.73809523809,2.14285714286
167.0,0.023809523814,3.36904761905
168.0,1.13095238095,3.15476190476
169.0,-2.55128205129,1.39743589743
170.0,7.02564102564,4.46153846153
171.0,-3.16666666667,1.82051282051
172.0,4.23809523809,0.833333333332
173.0,-1.04761904762,4.75
174.0,2.19047619048,4.61904761905
175.0,5.23076923077,1.35897435898
176.0,-1.83333333334,3.34523809524
177.0,-5.64646464647,-3.31313131313
178.0,-3.67857142858,1.82142857143
179.0,-1.85714285714,2.86904761905
180.0,4.97619047619,4.11904761905
181.0,0.321428571428,-0.202380952377
182.0,1.97619047619,4.16666666667
183.0,-5.47619047619,1.90476190476
184.0,-5.10714285714,1.69047619048
185.0,-1.27380952381,2.77380952381
186.0,4.53571428571,1.55952380953
187.0,1.40476190475,2.60714285714
188.0,-3.60714285714,0.404761904764
189.0,-2.5119047619,1.07142857143
190.0,0.0222222222245,3.14444444444
191.0,-3.82142857143,1.27380952382
192.0,-2.28205128205,3.46153846154
193.0,-2.01190476191,2.2380952381
194.0,-5.03846153846,0.333333333336
195.0,-0.218750000008,2.76041666666
196.0,-5.4880952381,1.27380952381
197.0,-0.65476190476,3.17857142857
198.0,3.76190476191,2.90476190477
199.0,5.73809523809,6.29761904762
200.0,5.88095238095,4.13095238096
201.0,-0.190476190473,3.64285714285
202.0,4.94,0.873333333329
203.0,0.959999999999,3.85333333333
204.0,3.89772727273,0.136363636359
205.0,5.41333333333,0.256666666667
206.0,-2.71794871795,2.83333333333
207.0,5.71180555555,2.62847222222
208.0,4.00282485876,0.742937853104
209.0,0.287234042545,1.45744680851
210.0,5.80769230769,2.39102564103
211.0,1.82962962963,0.999999999998
212.0,3.00287356322,0.517241379305
213.0,3.58805031447,2.35534591195
214.0,0.890804597696,2.94540229885
215.0,3.16964285714,3.37202380952
216.0,2.78070175439,3.47368421053
217.0,3.32945736434,2.60852713178
218.0,-4.54901960784,1.10784313726
219.0,0.385057471261,1.74137931034
220.0,-2.10606060606,-0.318181818179
221.0,0.635802469138,3.36419753086
222.0,3.68181818181,1.23484848485
223.0,6.03787878788,-0.371212121215
224.0,5.33333333333,3.21212121212
225.0,-3.18181818181,2.72727272727
226.0,1.62962962963,-1.93518518519
227.0,-2.17948717948,0.641025641025
228.0,-1.1212121212,2.5
229.0,7.43939393939,4.15151515152
230.0,5.60606060606,-0.999999999999
231.0,3.60606060606,1.93939393939
232.0,3.77777777778,1.25
233.0,1.75757575757,3.27272727273
234.0,6.07575757576,0.318181818183
235.0,2.71212121212,0.863636363634
236.0,2.25757575758,2.15151515151
237.0,6.25757575758,2.37878787879
238.0,0.0151515151525,1.66666666667
239.0,-1.56060606061,0.590909090909
240.0,5.36363636363,2.30303030303
241.0,1.09090909091,0.0606060606065
242.0,0.575757575758,3.96969696969
243.0,-1.84848484848,1.87878787878
244.0,4.45454545454,0.348484848484
245.0,-0.136363636358,-0.21212121212
246.0,2.48484848485,-0.742424242422
247.0,2.28787878788,1.24242424243
248.0,0.469696969693,1.68181818182
249.0,6.15151515151,1.07575757576
250.0,-2.25757575758,3.77272727273
251.0,5.98611111112,2.29166666667
252.0,3.80303030303,2.04545454546
253.0,-1.69696969697,-1.0
254.0,3.28787878787,2.42424242424
255.0,4.65757575758,1.61818181819
256.0,5.55555555555,1.38888888889
257.0,4.21212121211,-1.06060606061
258.0,3.10606060606,2.89393939394
259.0,-0.787878787874,1.87878787879
260.0,-0.212121212122,2.60606060606
261.0,5.66666666666,1.22727272727
262.0,1.5,0.0138888888914
263.0,2.45454545455,-3.43939393939
264.0,-1.93939393939,-0.833333333333
265.0,6.66666666666,3.5303030303
266.0,0.833333333335,2.06060606061
267.0,4.01515151516,1.68181818182
268.0,-0.909090909093,-0.0151515151543
269.0,6.57575757576,1.39393939394
270.0,5.98484848485,5.92424242425
271.0,-2.92424242424,2.42424242424
272.0,4.87878787878,0.939393939394
273.0,5.57575757576,3.34848484849
274.0,5.24242424242,3.74242424242
275.0,-1.74242424242,1.74242424242
276.0,3.62121212121,0.19696969697
277.0,5.68181818182,3.19696969697
278.0,6.83333333334,2.9090909091
279.0,4.0303030303,5.5303030303
280.0,1.34848484849,1.07575757576
281.0,3.16666666667,1.86363636364
282.0,3.9090909091,4.27272727273
283.0,4.36363636364,3.36363636364
284.0,-0.861111111106,1.73611111111
285.0,0.196969696965,2.39393939394
286.0,-0.424242424248,1.31818181818
287.0,4.33333333334,0.13636363637
288.0,0.712121212118,4.5
289.0,0.242424242431,3.54545454546
290.0,-1.65151515151,0.984848484845
291.0,3.33333333334,2.39393939394
292.0,-1.07575757575,1.90909090909
293.0,4.72727272727,2.84848484848
294.0,6.19696969697,2.34848484849
295.0,0.075757575755,2.54545454546
296.0,-3.27272727273,-0.242424242422
297.0,-0.0606060606051,3.04545454545
298.0,2.22727272727,0.196969696971
299.0,0.151515151513,2.57575757576
300.0,0.757575757574,-0.515151515157
301.0,5.80303030303,2.5
302.0,-0.883647798738,3.64779874213
303.0,-2.5,3.24814814814
304.0,-2.68333333334,-0.393333333334
305.0,2.21739130435,1.28260869565
306.0,-1.1049382716,3.68209876543
307.0,-1.80555555556,3.04513888889
308.0,-3.89682539682,1.04761904762
309.0,-4.41176470588,1.14705882353
310.0,-2.32482269504,0.498581560285
311.0,-3.26666666666,2.84814814815
312.0,-1.75886524823,0.734042553194
313.0,-1.78205128205,0.948717948717
314.0,5.10526315789,3.11111111111
315.0,-3.45918367347,2.32993197279
316.0,-3.14772727273,1.49621212121
317.0,-1.16260162601,2.97154471545
318.0,-4.65277777778,1.49537037037
319.0,3.00595238096,2.23214285714
320.0,1.72807017544,-2.11403508772
321.0,-1.5,2.34210526316
322.0,5.56666666666,3.01111111111
323.0,-3.91025641026,0.0256410256401
324.0,-0.652777777776,0.958333333335
325.0,-3.58333333334,1.75
326.0,-5.04166666667,0.0138888888868
327.0,-2.30555555556,-0.319444444448
328.0,-6.19444444444,0.5
329.0,6.1,4.75555555555
330.0,-0.986111111108,1.63888888889
331.0,-2.38888888889,3.5
332.0,-0.111111111117,-1.13888888889
333.0,-2.71212121212,2.48484848485
334.0,-5.68055555555,0.944444444446
335.0,-0.303030303024,3.24242424242
336.0,6.19444444444,5.06944444444
337.0,5.94047619048,4.79761904761
338.0,-1.48484848485,2.42424242425
339.0,-2.90277777778,2.22222222222
340.0,0.277777777779,-1.15277777778
341.0,2.54166666667,0.583333333332
342.0,-1.68055555555,2.94444444445
343.0,-5.09722222222,0.222222222221
344.0,4.61111111111,1.63888888889
345.0,4.97222222222,0.77777777778
346.0,-0.0256410256421,2.11538461538
347.0,0.030303030299,0.818181818182
348.0,0.861111111108,2.43055555556
349.0,2.38461538461,0.884615384617
350.0,6.29166666667,1.09722222222
351.0,-4.20833333333,3.15277777778
352.0,-5.45833333334,1.77777777778
353.0,-3.76388888889,1.95833333333
354.0,-3.83333333334,0.888888888885
355.0,-4.05555555556,2.80555555556
356.0,-2.20833333333,3.5
357.0,-1.17948717948,2.5641025641
358.0,-1.26388888889,4.08333333334
359.0,5.27777777778,3.05555555556
360.0,-2.94444444445,0.0972222222191
361.0,-0.472222222222,-0.138888888888
362.0,0.777777777781,0.527777777772
363.0,7.0303030303,5.93939393939
364.0,1.05555555555,5.05555555555
365.0,-3.54166666667,-0.499999999999
366.0,-2.19230769231,2.15641025641
367.0,-2.54166666666,0.458333333333
368.0,2.47222222222,-2.06944444445
369.0,-0.166666666658,5.83333333333
370.0,-2.29166666666,3.19444444445
371.0,-4.58928571428,-0.78571428572
372.0,7.34722222223,2.79166666667
373.0,-3.70833333334,3.19444444445
374.0,-3.83333333334,2.83333333334
375.0,-3.06944444445,1.45833333333
376.0,1.40277777778,4.54166666666
377.0,-4.45833333333,4.25
378.0,2.75,4.26388888888
379.0,1.60606060607,6.33333333334
380.0,3.56944444444,3.29166666667
381.0,3.86111111111,2.27777777778
382.0,-4.46153846154,1.62820512821
383.0,3.80555555556,3.55555555556
384.0,2.81944444445,6.47222222222
385.0,0.874999999998,2.97222222222
386.0,4.48611111111,4.65277777778
387.0,1.84848484848,2.68181818182
388.0,6.25,2.05555555556
389.0,2.20833333333,5.84722222222
390.0,-2.79166666667,1.90277777778
391.0,2.29166666666,4.37500000001
392.0,5.30555555555,5.02777777777
393.0,-5.75,2.01388888889
394.0,-0.777777777774,1.93055555556
395.0,4.19230769231,2.75641025641
396.0,4.29166666667,6.38888888889
397.0,-0.291666666672,3.58333333333
398.0,0.181818181818,-1.92424242424
399.0,2.95454545455,3.71212121213
400.0,-2.79166666667,3.27777777778
