id,duration_ms,key,mode,time_signature,acousticness,danceability,energy,instrumentalness,liveness,loudness,speechiness,valence,tempo,location
1.0,413640,8,0,4,0.164,0.512,0.691,0.000241,0.11,-6.794,0.0384,0.518,121.807,42
4.0,124640,2,0,5,0.994,0.352,0.00218,0.795,0.0853,-40.647,0.0539,0.334,131.709,42
5.0,301160,1,1,3,0.994,0.226,0.0293,0.892,0.107,-30.236,0.0448,0.0385,87.933,43
6.0,160787,2,0,4,0.921,0.377,0.504,0.951,0.071,-16.288,0.0322,0.944,134.259,43
7.0,152027,1,0,4,0.974,0.519,0.116,0.433,0.312,-22.742,0.0477,0.428,116.533,53
8.0,148560,11,1,4,0.98,0.407,0.0982,0.914,0.109,-24.18,0.0724,0.464,138.125,43
9.0,681147,10,0,4,0.881,0.239,0.0867,0.000105,0.161,-21.704,0.0398,0.184,92.414,16
10.0,142840,8,1,4,0.993,0.456,0.146,0.907,0.112,-18.886,0.0483,0.183,114.263,46
11.0,674267,11,0,4,0.899,0.283,0.141,0.000317,0.122,-17.676,0.0413,0.227,83.461,43
12.0,164413,1,0,1,0.981,0.563,0.0609,0.107,0.118,-23.07,0.0426,0.436,94.522,53
13.0,76707,4,1,3,0.995,0.469,0.0134,0.916,0.102,-26.023,0.0502,0.0357,122.441,35
14.0,181907,9,1,4,0.986,0.217,0.0426,0.0123,0.112,-21.054,0.054,0.387,160.261,43
15.0,246133,0,0,3,0.876,0.268,0.0932,2.94e-05,0.088,-21.951,0.0415,0.159,112.486,43
16.0,43920,5,0,4,0.994,0.364,0.261,0.897,0.114,-20.162,0.0295,0.661,63.189,38
17.0,247747,4,1,3,0.995,0.447,0.0324,0.888,0.132,-26.969,0.0439,0.0732,71.719,42
19.0,263200,7,1,3,0.963,0.118,0.0421,0.699,0.105,-22.686,0.0408,0.225,87.544,43
20.0,232187,11,0,4,0.422,0.154,0.111,0.000717,0.0964,-17.433,0.0364,0.144,137.423,35
21.0,491293,1,1,4,0.9,0.29,0.146,0.667,0.129,-20.418,0.0359,0.186,94.402,42
22.0,400800,0,1,4,0.961,0.422,0.21,0.00398,0.114,-14.721,0.0402,0.351,126.279,44
23.0,216800,2,1,4,0.953,0.301,0.0869,0.0347,0.111,-23.582,0.0376,0.287,83.66,53
24.0,713227,2,1,3,0.942,0.507,0.159,0.754,0.124,-16.53,0.036,0.159,112.644,46
25.0,132400,11,1,5,0.835,0.295,0.148,0.0133,0.143,-25.228,0.047,0.704,125.686,44
26.0,249500,9,0,4,0.974,0.498,0.456,0.902,0.101,-12.8,0.0311,0.628,101.151,54
27.0,255160,7,0,3,0.94,0.388,0.25,0.0236,0.135,-19.033,0.0453,0.14,118.845,38
28.0,535240,5,1,4,0.986,0.398,0.153,0.686,0.149,-17.385,0.0426,0.56,132.603,52
29.0,274507,2,0,4,0.925,0.29,0.115,0.049,0.14,-16.963,0.0383,0.151,123.855,43
30.0,147320,1,1,4,0.944,0.459,0.287,0.0214,0.183,-16.162,0.0338,0.412,127.697,54
31.0,223333,7,0,5,0.992,0.492,0.0205,0.00133,0.109,-16.258,0.0434,0.437,132.478,34
32.0,220120,9,0,4,0.913,0.285,0.0775,0.000786,0.0968,-20.364,0.0417,0.162,103.794,43
33.0,180093,0,0,4,0.861,0.333,0.476,0.0117,0.148,-17.9,0.0335,0.698,105.889,34
34.0,733533,9,0,4,0.956,0.364,0.181,0.0684,0.0654,-17.703,0.045,0.131,136.027,52
35.0,149813,8,1,4,0.978,0.651,0.101,0.871,0.108,-19.241,0.051,0.455,96.355,25
36.0,211693,11,1,4,0.907,0.579,0.0793,0.404,0.109,-24.799,0.0391,0.302,86.253,26
37.0,141507,3,1,4,0.966,0.345,0.317,0,0.38,-13.353,0.0448,0.312,113.591,26
38.0,94667,7,0,4,0.959,0.553,0.0828,0.85,0.0809,-23.288,0.0495,0.454,98.119,43
39.0,314400,6,0,4,0.911,0.407,0.0335,0.0252,0.1,-28.618,0.0556,0.237,115.868,54
41.0,251173,3,1,1,0.943,0.393,0.0514,0.219,0.111,-33.033,0.0471,0.332,99.653,44
43.0,86480,1,0,4,0.874,0.349,0.205,0.921,0.146,-17.608,0.0455,0.448,115.646,45
44.0,429693,0,1,5,0.899,0.278,0.201,0.000271,0.0753,-17.16,0.0394,0.418,137.324,43
45.0,207493,11,0,4,0.992,0.218,0.0274,0.719,0.0887,-23.213,0.0367,0.0721,172.516,35
46.0,125667,6,1,4,0.97,0.193,0.0772,0.925,0.339,-21.493,0.0447,0.217,82.953,42
47.0,208080,9,0,3,0.995,0.108,0.0121,0.882,0.0921,-26.42,0.0432,0.0595,67.992,25
48.0,193507,0,1,4,0.809,0.31,0.134,0.00495,0.135,-28.311,0.0376,0.351,105.326,27
49.0,310253,7,0,4,0.978,0.132,0.0083,0.00393,0.132,-30.221,0.0616,0.0391,80.347,37
50.0,168800,0,1,4,0.197,0.585,0.571,0,0.245,-8.342,0.0271,0.666,126.836,46
51.0,303987,7,0,3,0.994,0.382,0.028,0.934,0.131,-27.892,0.0541,0.396,76.461,43
52.0,214067,7,1,4,0.968,0.388,0.18,0.894,0.119,-15.836,0.0375,0.344,81.15,46
53.0,240440,4,1,3,0.627,0.58,0.158,0.000161,0.104,-18.16,0.0454,0.153,132.511,38
54.0,124984,8,1,3,0.98,0.256,0.0978,0,0.315,-18.318,0.0613,0.135,80.781,53
55.0,141613,0,1,3,0.91,0.315,0.0796,0.00371,0.131,-19.112,0.0367,0.312,128.166,26
56.0,442000,4,1,4,0.908,0.235,0.0862,0.345,0.246,-23.546,0.0451,0.315,89.317,42
57.0,203200,5,0,4,0.964,0.16,0.106,0.0163,0.0635,-19.918,0.0426,0.0346,90.922,44
59.0,249800,5,1,3,0.981,0.207,0.0343,0.865,0.122,-25.427,0.0352,0.0555,133.731,46
60.0,424827,4,0,4,0.943,0.463,0.197,0.667,0.103,-21.519,0.0345,0.346,120.109,43
61.0,194316,2,0,4,0.668,0.473,0.398,0.261,0.281,-11.822,0.039,0.673,110.406,45
62.0,111453,4,1,3,0.993,0.495,0.106,0.921,0.126,-23.852,0.0476,0.675,119.998,54
63.0,201893,4,1,4,0.995,0.356,0.0271,0.899,0.0901,-27.716,0.0496,0.0665,76.451,25
64.0,124093,0,1,3,0.996,0.492,0.271,0.95,0.095,-26.848,0.0355,0.907,130.917,45
65.0,137453,11,1,4,0.576,0.308,0.46,0.0123,0.159,-10.307,0.0347,0.896,91.941,54
66.0,28053,6,0,4,0.994,0.445,0.0606,0.785,0.0946,-29.517,0.0413,0.707,141.515,45
67.0,99120,0,1,3,0.942,0.354,0.198,2.29e-05,0.185,-15.702,0.0388,0.52,129.764,44
68.0,247067,7,1,4,0.986,0.288,0.0173,0.0189,0.0785,-25.41,0.0417,0.152,100.544,34
69.0,226573,0,0,4,0.863,0.243,0.366,0.0543,0.123,-20.578,0.0336,0.795,114.607,42
70.0,197147,3,1,3,0.994,0.322,0.216,0.937,0.101,-22.957,0.0441,0.718,111.561,9
71.0,123867,7,1,4,0.655,0.803,0.222,0.00394,0.07,-11.533,0.0431,0.414,117.058,53
72.0,223960,8,0,4,0.883,0.471,0.267,0.000275,0.104,-17.214,0.0371,0.56,95.677,45
73.0,35560,0,1,4,0.993,0.342,0.138,0.585,0.109,-27.027,0.0468,0.107,115.411,43
74.0,258280,7,0,3,0.993,0.393,0.342,0.0213,0.83,-19.976,0.434,0.786,105.774,45
75.0,384240,11,1,4,0.995,0.352,0.0443,0.881,0.0931,-25.665,0.0378,0.247,142.352,45
76.0,149360,3,1,4,0.689,0.344,0.44,0.0197,0.09,-13.185,0.0463,0.529,120.506,28
77.0,156827,8,1,4,0.995,0.354,0.085,0.88,0.106,-29.974,0.0428,0.0831,113.898,43
78.0,205040,4,1,3,0.775,0.493,0.285,0.00147,0.087,-17.35,0.0344,0.671,131.304,45
79.0,590573,7,1,4,0.917,0.195,0.0416,0.302,0.0951,-21.002,0.0461,0.0402,107.264,44
80.0,124984,8,1,3,0.98,0.256,0.0978,0,0.315,-18.318,0.0613,0.135,80.781,52
81.0,456000,9,1,4,0.932,0.307,0.0695,0.748,0.118,-24.127,0.0494,0.177,120.379,53
82.0,305667,3,1,3,0.996,0.406,0.00699,0.946,0.0803,-33.418,0.0773,0.0697,79.031,41
83.0,286267,11,0,4,0.988,0.553,0.0333,0,0.0748,-26.201,0.0478,0.314,101.845,35
84.0,159242,2,0,4,0.962,0.374,0.116,0.909,0.0984,-22.755,0.0369,0.411,96.475,43
85.0,198120,2,1,4,0.902,0.367,0.199,0.0034,0.189,-16.145,0.0486,0.146,128.727,45
86.0,189040,10,1,4,0.994,0.308,0.0287,0.821,0.169,-29.394,0.053,0.132,63.743,36
87.0,162440,4,0,1,0.984,0.314,0.311,0.834,0.13,-13.672,0.0484,0.481,86.144,42
88.0,75587,8,0,1,0.995,0.445,0.165,0.89,0.118,-22.962,0.0343,0.633,110.036,45
89.0,197627,6,1,4,0.996,0.311,0.00536,0.845,0.109,-37.569,0.0551,0.195,81.572,41
90.0,358773,4,1,4,0.756,0.263,0.348,0.0308,0.202,-16.05,0.031,0.589,134.078,46
91.0,140507,6,0,5,0.808,0.126,0.0753,0.0351,0.207,-23.844,0.0365,0.103,94.723,26
92.0,325040,9,1,4,0.961,0.172,0.0688,0.00845,0.108,-21.055,0.0577,0.18,67.202,43
93.0,131440,5,1,3,0.952,0.588,0.269,0.0419,0.0934,-9.341,0.048,0.512,122.15,42
94.0,175133,9,0,4,0.961,0.327,0.17,0.108,0.158,-19.841,0.0384,0.233,134.703,44
95.0,287227,2,1,3,0.968,0.31,0.228,0.0147,0.103,-17.269,0.0389,0.652,177.029,53
96.0,275587,6,1,4,0.99,0.378,0.0918,0.86,0.108,-27.796,0.0388,0.573,128.412,43
97.0,910560,1,1,4,0.985,0.317,0.0717,0.888,0.0913,-23.796,0.0444,0.0378,78.178,36
98.0,226147,5,1,3,0.961,0.331,0.0582,0.000387,0.102,-22.233,0.0478,0.222,146.133,25
99.0,81267,0,1,3,0.794,0.357,0.12,0.0187,0.116,-16.532,0.0385,0.433,91.768,42
100.0,65973,6,0,4,0.829,0.408,0.178,0.000341,0.47,-13.463,0.0399,0.45,98.038,45
101.0,296560,8,0,3,0.976,0.174,0.0447,0.00246,0.108,-27.879,0.0494,0.165,71.602,44
104.0,124640,2,0,5,0.994,0.352,0.00218,0.795,0.0853,-40.647,0.0539,0.334,131.709,44
105.0,301160,1,1,3,0.994,0.226,0.0293,0.892,0.107,-30.236,0.0448,0.0385,87.933,36
106.0,160787,2,0,4,0.921,0.377,0.504,0.951,0.071,-16.288,0.0322,0.944,134.259,43
107.0,152027,1,0,4,0.974,0.519,0.116,0.433,0.312,-22.742,0.0477,0.428,116.533,44
108.0,148560,11,1,4,0.98,0.407,0.0982,0.914,0.109,-24.18,0.0724,0.464,138.125,36
109.0,681147,10,0,4,0.881,0.239,0.0867,0.000105,0.161,-21.704,0.0398,0.184,92.414,46
110.0,142840,8,1,4,0.993,0.456,0.146,0.907,0.112,-18.886,0.0483,0.183,114.263,37
111.0,674267,11,0,4,0.899,0.283,0.141,0.000317,0.122,-17.676,0.0413,0.227,83.461,37
112.0,164413,1,0,1,0.981,0.563,0.0609,0.107,0.118,-23.07,0.0426,0.436,94.522,27
113.0,76707,4,1,3,0.995,0.469,0.0134,0.916,0.102,-26.023,0.0502,0.0357,122.441,33
114.0,181907,9,1,4,0.986,0.217,0.0426,0.0123,0.112,-21.054,0.054,0.387,160.261,28
115.0,246133,0,0,3,0.876,0.268,0.0932,2.94e-05,0.088,-21.951,0.0415,0.159,112.486,37
116.0,43920,5,0,4,0.994,0.364,0.261,0.897,0.114,-20.162,0.0295,0.661,63.189,43
117.0,247747,4,1,3,0.995,0.447,0.0324,0.888,0.132,-26.969,0.0439,0.0732,71.719,42
119.0,263200,7,1,3,0.963,0.118,0.0421,0.699,0.105,-22.686,0.0408,0.225,87.544,46
120.0,232187,11,0,4,0.422,0.154,0.111,0.000717,0.0964,-17.433,0.0364,0.144,137.423,44
121.0,491293,1,1,4,0.9,0.29,0.146,0.667,0.129,-20.418,0.0359,0.186,94.402,38
122.0,400800,0,1,4,0.961,0.422,0.21,0.00398,0.114,-14.721,0.0402,0.351,126.279,34
123.0,216800,2,1,4,0.953,0.301,0.0869,0.0347,0.111,-23.582,0.0376,0.287,83.66,54
124.0,713227,2,1,3,0.942,0.507,0.159,0.754,0.124,-16.53,0.036,0.159,112.644,44
125.0,132400,11,1,5,0.835,0.295,0.148,0.0133,0.143,-25.228,0.047,0.704,125.686,45
126.0,249500,9,0,4,0.974,0.498,0.456,0.902,0.101,-12.8,0.0311,0.628,101.151,54
127.0,255160,7,0,3,0.94,0.388,0.25,0.0236,0.135,-19.033,0.0453,0.14,118.845,46
128.0,535240,5,1,4,0.986,0.398,0.153,0.686,0.149,-17.385,0.0426,0.56,132.603,45
129.0,274507,2,0,4,0.925,0.29,0.115,0.049,0.14,-16.963,0.0383,0.151,123.855,45
130.0,147320,1,1,4,0.944,0.459,0.287,0.0214,0.183,-16.162,0.0338,0.412,127.697,46
131.0,223333,7,0,5,0.992,0.492,0.0205,0.00133,0.109,-16.258,0.0434,0.437,132.478,27
132.0,220120,9,0,4,0.913,0.285,0.0775,0.000786,0.0968,-20.364,0.0417,0.162,103.794,44
133.0,180093,0,0,4,0.861,0.333,0.476,0.0117,0.148,-17.9,0.0335,0.698,105.889,25
134.0,733533,9,0,4,0.956,0.364,0.181,0.0684,0.0654,-17.703,0.045,0.131,136.027,43
135.0,149813,8,1,4,0.978,0.651,0.101,0.871,0.108,-19.241,0.051,0.455,96.355,26
136.0,211693,11,1,4,0.907,0.579,0.0793,0.404,0.109,-24.799,0.0391,0.302,86.253,37
137.0,141507,3,1,4,0.966,0.345,0.317,0,0.38,-13.353,0.0448,0.312,113.591,46
138.0,94667,7,0,4,0.959,0.553,0.0828,0.85,0.0809,-23.288,0.0495,0.454,98.119,46
139.0,314400,6,0,4,0.911,0.407,0.0335,0.0252,0.1,-28.618,0.0556,0.237,115.868,38
141.0,251173,3,1,1,0.943,0.393,0.0514,0.219,0.111,-33.033,0.0471,0.332,99.653,37
143.0,86480,1,0,4,0.874,0.349,0.205,0.921,0.146,-17.608,0.0455,0.448,115.646,44
144.0,429693,0,1,5,0.899,0.278,0.201,0.000271,0.0753,-17.16,0.0394,0.418,137.324,46
145.0,207493,11,0,4,0.992,0.218,0.0274,0.719,0.0887,-23.213,0.0367,0.0721,172.516,8
146.0,125667,6,1,4,0.97,0.193,0.0772,0.925,0.339,-21.493,0.0447,0.217,82.953,44
147.0,208080,9,0,3,0.995,0.108,0.0121,0.882,0.0921,-26.42,0.0432,0.0595,67.992,44
148.0,193507,0,1,4,0.809,0.31,0.134,0.00495,0.135,-28.311,0.0376,0.351,105.326,45
149.0,310253,7,0,4,0.978,0.132,0.0083,0.00393,0.132,-30.221,0.0616,0.0391,80.347,42
150.0,168800,0,1,4,0.197,0.585,0.571,0,0.245,-8.342,0.0271,0.666,126.836,36
151.0,303987,7,0,3,0.994,0.382,0.028,0.934,0.131,-27.892,0.0541,0.396,76.461,44
152.0,214067,7,1,4,0.968,0.388,0.18,0.894,0.119,-15.836,0.0375,0.344,81.15,38
153.0,240440,4,1,3,0.627,0.58,0.158,0.000161,0.104,-18.16,0.0454,0.153,132.511,26
154.0,124984,8,1,3,0.98,0.256,0.0978,0,0.315,-18.318,0.0613,0.135,80.781,44
155.0,141613,0,1,3,0.91,0.315,0.0796,0.00371,0.131,-19.112,0.0367,0.312,128.166,44
156.0,442000,4,1,4,0.908,0.235,0.0862,0.345,0.246,-23.546,0.0451,0.315,89.317,54
157.0,203200,5,0,4,0.964,0.16,0.106,0.0163,0.0635,-19.918,0.0426,0.0346,90.922,36
159.0,249800,5,1,3,0.981,0.207,0.0343,0.865,0.122,-25.427,0.0352,0.0555,133.731,44
160.0,424827,4,0,4,0.943,0.463,0.197,0.667,0.103,-21.519,0.0345,0.346,120.109,20
161.0,194316,2,0,4,0.668,0.473,0.398,0.261,0.281,-11.822,0.039,0.673,110.406,29
162.0,111453,4,1,3,0.993,0.495,0.106,0.921,0.126,-23.852,0.0476,0.675,119.998,46
163.0,201893,4,1,4,0.995,0.356,0.0271,0.899,0.0901,-27.716,0.0496,0.0665,76.451,44
164.0,124093,0,1,3,0.996,0.492,0.271,0.95,0.095,-26.848,0.0355,0.907,130.917,34
165.0,137453,11,1,4,0.576,0.308,0.46,0.0123,0.159,-10.307,0.0347,0.896,91.941,33
166.0,28053,6,0,4,0.994,0.445,0.0606,0.785,0.0946,-29.517,0.0413,0.707,141.515,44
167.0,99120,0,1,3,0.942,0.354,0.198,2.29e-05,0.185,-15.702,0.0388,0.52,129.764,44
168.0,247067,7,1,4,0.986,0.288,0.0173,0.0189,0.0785,-25.41,0.0417,0.152,100.544,43
169.0,226573,0,0,4,0.863,0.243,0.366,0.0543,0.123,-20.578,0.0336,0.795,114.607,46
170.0,197147,3,1,3,0.994,0.322,0.216,0.937,0.101,-22.957,0.0441,0.718,111.561,43
171.0,123867,7,1,4,0.655,0.803,0.222,0.00394,0.07,-11.533,0.0431,0.414,117.058,37
172.0,223960,8,0,4,0.883,0.471,0.267,0.000275,0.104,-17.214,0.0371,0.56,95.677,43
173.0,35560,0,1,4,0.993,0.342,0.138,0.585,0.109,-27.027,0.0468,0.107,115.411,44
174.0,258280,7,0,3,0.993,0.393,0.342,0.0213,0.83,-19.976,0.434,0.786,105.774,46
175.0,384240,11,1,4,0.995,0.352,0.0443,0.881,0.0931,-25.665,0.0378,0.247,142.352,43
176.0,149360,3,1,4,0.689,0.344,0.44,0.0197,0.09,-13.185,0.0463,0.529,120.506,35
177.0,156827,8,1,4,0.995,0.354,0.085,0.88,0.106,-29.974,0.0428,0.0831,113.898,42
178.0,205040,4,1,3,0.775,0.493,0.285,0.00147,0.087,-17.35,0.0344,0.671,131.304,43
179.0,590573,7,1,4,0.917,0.195,0.0416,0.302,0.0951,-21.002,0.0461,0.0402,107.264,46
180.0,124984,8,1,3,0.98,0.256,0.0978,0,0.315,-18.318,0.0613,0.135,80.781,36
181.0,456000,9,1,4,0.932,0.307,0.0695,0.748,0.118,-24.127,0.0494,0.177,120.379,44
182.0,305667,3,1,3,0.996,0.406,0.00699,0.946,0.0803,-33.418,0.0773,0.0697,79.031,42
183.0,286267,11,0,4,0.988,0.553,0.0333,0,0.0748,-26.201,0.0478,0.314,101.845,25
184.0,159242,2,0,4,0.962,0.374,0.116,0.909,0.0984,-22.755,0.0369,0.411,96.475,43
185.0,198120,2,1,4,0.902,0.367,0.199,0.0034,0.189,-16.145,0.0486,0.146,128.727,38
186.0,189040,10,1,4,0.994,0.308,0.0287,0.821,0.169,-29.394,0.053,0.132,63.743,44
187.0,162440,4,0,1,0.984,0.314,0.311,0.834,0.13,-13.672,0.0484,0.481,86.144,26
188.0,75587,8,0,1,0.995,0.445,0.165,0.89,0.118,-22.962,0.0343,0.633,110.036,43
189.0,197627,6,1,4,0.996,0.311,0.00536,0.845,0.109,-37.569,0.0551,0.195,81.572,44
190.0,358773,4,1,4,0.756,0.263,0.348,0.0308,0.202,-16.05,0.031,0.589,134.078,34
191.0,140507,6,0,5,0.808,0.126,0.0753,0.0351,0.207,-23.844,0.0365,0.103,94.723,34
192.0,325040,9,1,4,0.961,0.172,0.0688,0.00845,0.108,-21.055,0.0577,0.18,67.202,43
193.0,131440,5,1,3,0.952,0.588,0.269,0.0419,0.0934,-9.341,0.048,0.512,122.15,42
194.0,175133,9,0,4,0.961,0.327,0.17,0.108,0.158,-19.841,0.0384,0.233,134.703,34
195.0,287227,2,1,3,0.968,0.31,0.228,0.0147,0.103,-17.269,0.0389,0.652,177.029,42
196.0,275587,6,1,4,0.99,0.378,0.0918,0.86,0.108,-27.796,0.0388,0.573,128.412,35
197.0,910560,1,1,4,0.985,0.317,0.0717,0.888,0.0913,-23.796,0.0444,0.0378,78.178,45
198.0,226147,5,1,3,0.961,0.331,0.0582,0.000387,0.102,-22.233,0.0478,0.222,146.133,54
199.0,81267,0,1,3,0.794,0.357,0.12,0.0187,0.116,-16.532,0.0385,0.433,91.768,46
200.0,65973,6,0,4,0.829,0.408,0.178,0.000341,0.47,-13.463,0.0399,0.45,98.038,44
201.0,146077,0,0,4,0.268,0.727,0.539,0,0.0907,-10.167,0.255,0.18,135.712,29
202.0,250853,7,1,4,0.419,0.731,0.398,6.04e-05,0.121,-8.912,0.0405,0.423,144.06,44
203.0,177507,3,1,4,0.192,0.497,0.709,0.000279,0.449,-2.928,0.0365,0.384,89.89,37
204.0,341733,5,1,4,0.714,0.514,0.275,4.2e-06,0.216,-15.19,0.0793,0.613,88.49,38
205.0,282347,10,1,3,0.409,0.346,0.445,0.179,0.259,-8.969,0.0306,0.0418,131.271,43
206.0,207347,10,1,4,0.0318,0.655,0.72,4.71e-05,0.25,-9.423,0.0312,0.745,121.311,46
207.0,185314,10,1,4,0.421,0.449,0.496,0,0.088,-6.104,0.0554,0.247,109.929,37
208.0,256253,7,1,4,0.00391,0.335,0.749,0.916,0.179,-7.192,0.0313,0.353,126.679,36
209.0,223051,7,1,4,0.00797,0.681,0.823,0.542,0.149,-5.107,0.0299,0.905,124.991,38
210.0,229773,11,0,4,0.0923,0.645,0.862,0,0.192,-4.757,0.0965,0.798,119.991,36
211.0,185158,9,0,4,0.135,0.61,0.754,0,0.107,-6.469,0.0585,0.357,121.952,37
212.0,243946,10,0,4,0.0987,0.818,0.562,0.813,0.355,-7.779,0.0356,0.57,125.03,37
213.0,242667,9,1,4,0.0111,0.511,0.855,1.3e-06,0.119,-3.028,0.0479,0.314,164.002,44
214.0,245493,3,1,4,0.225,0.6,0.663,0,0.119,-5.802,0.0477,0.286,121.07,45
215.0,197487,0,1,4,0.0501,0.9,0.4,0,0.0876,-8.443,0.124,0.338,136.001,45
216.0,271011,9,1,5,0.348,0.334,0.392,0.767,0.186,-11.138,0.0572,0.0509,107.273,45
217.0,207507,0,1,4,0.13,0.295,0.723,0.0318,0.151,-5.855,0.0325,0.174,83.793,25
218.0,216600,3,0,4,0.986,0.414,0.153,0.931,0.111,-16.83,0.0298,0.125,150.214,36
219.0,255067,9,1,4,0.194,0.693,0.565,0.000175,0.0806,-12.583,0.0345,0.692,97.937,26
220.0,218653,2,0,4,0.558,0.75,0.826,9.39e-06,0.0373,-6.646,0.0425,0.918,94.963,44
221.0,260707,8,1,4,0.0148,0.569,0.856,7.31e-05,0.927,-7.317,0.0453,0.461,115.935,37
222.0,236333,5,1,4,0.0857,0.521,0.529,1.38e-05,0.0611,-6.117,0.0321,0.381,121.826,38
223.0,165493,4,1,4,0.598,0.483,0.691,0,0.0918,-5.223,0.0805,0.597,79.666,46
224.0,271782,9,0,3,0.558,0.717,0.36,0.591,0.307,-11.079,0.0287,0.528,113.354,43
225.0,231653,1,0,4,0.277,0.432,0.52,0.371,0.138,-5.515,0.0548,0.303,164.047,29
226.0,219120,2,1,4,0.563,0.669,0.512,0,0.121,-10.488,0.0298,0.93,110.006,26
227.0,240991,7,1,4,0.146,0.531,0.747,0.0722,0.07,-9.368,0.0344,0.761,93.559,43
228.0,109014,2,1,4,0.0915,0.59,0.326,0.88,0.0803,-11.011,0.04,0.206,141.935,46
229.0,240120,2,1,4,0.179,0.533,0.932,0.968,0.314,-3.461,0.0306,0.65,115.966,30
230.0,197400,0,0,3,0.676,0.67,0.341,0.871,0.268,-11.04,0.0519,0.459,154.552,45
231.0,262440,1,1,4,0.235,0.732,0.843,0,0.246,-6.203,0.0498,0.973,92.011,37
232.0,406533,1,1,4,0.82,0.327,0.41,0.816,0.143,-14.247,0.0331,0.228,138.688,44
233.0,207653,2,1,4,0.125,0.587,0.693,0.0111,0.369,-11.694,0.0507,0.885,109.982,38
234.0,178480,9,1,4,0.296,0.674,0.881,3.01e-06,0.0793,-2.853,0.147,0.234,98.994,37
235.0,80000,11,0,4,0.272,0.591,0.178,0.766,0.0972,-25.168,0.0411,0.762,119.999,45
236.0,280627,5,1,4,0.176,0.57,0.822,7.34e-06,0.185,-7.211,0.0812,0.581,95.009,46
237.0,203547,9,1,4,6.02e-05,0.35,0.935,0,0.1,-4.595,0.0586,0.369,97.89,36
239.0,334707,2,1,4,0.376,0.339,0.448,0.00766,0.11,-8.081,0.0295,0.164,57.902,46
240.0,224133,4,1,4,0.00541,0.547,0.797,0.0261,0.128,-9.982,0.0292,0.894,134.489,36
241.0,197627,2,0,4,0.197,0.574,0.626,0.00132,0.112,-10.215,0.0561,0.657,169.926,44
242.0,288453,5,1,1,0.541,0.62,0.623,0.0951,0.18,-7.075,0.0334,0.638,109.637,43
243.0,156000,9,1,4,0.138,0.718,0.767,0,0.114,-5.641,0.166,0.519,160.084,38
244.0,192324,10,0,4,0.0827,0.815,0.828,2.2e-06,0.134,-3.278,0.163,0.882,176.086,27
245.0,310291,0,1,4,0.0341,0.614,0.832,0.418,0.21,-6.064,0.0329,0.678,84.002,19
246.0,238360,1,1,4,0.197,0.808,0.721,0,0.205,-5.165,0.213,0.773,94.955,37
247.0,189143,10,0,4,0.0407,0.753,0.527,0.0149,0.102,-5.411,0.219,0.301,104.997,36
248.0,168973,9,1,4,0.283,0.391,0.878,1.01e-06,0.0797,-3.174,0.0521,0.579,179.749,38
250.0,243280,11,0,4,0.232,0.639,0.815,0,0.299,-4.962,0.252,0.4,159.903,38
251.0,252080,8,1,4,0.77,0.561,0.55,0.476,0.0921,-17.419,0.037,0.446,147.01,28
252.0,375347,2,0,4,0.00334,0.275,0.85,0.181,0.147,-8.246,0.0712,0.347,147.443,27
253.0,204307,2,1,3,0.235,0.519,0.484,5.72e-05,0.122,-6.014,0.0263,0.252,126.843,45
254.0,222874,4,1,4,0.0111,0.549,0.746,0.00101,0.145,-6.797,0.03,0.499,101.019,38
255.0,504333,2,1,4,0.0783,0.368,0.371,1.27e-05,0.11,-13.426,0.0301,0.267,135.448,38
256.0,110922,0,1,3,0.983,0.749,0.16,3.7e-05,0.104,-16.838,0.0374,0.177,110.04,38
257.0,447308,7,1,3,0.000122,0.248,0.79,0.822,0.0514,-8.681,0.0767,0.33,196.224,36
258.0,236693,9,1,4,0.0048,0.505,0.769,0.0322,0.0356,-5.853,0.0374,0.407,119.416,35
259.0,208240,4,1,4,0.131,0.603,0.843,0.000503,0.346,-5.896,0.032,0.644,78.436,43
260.0,91267,7,1,3,0.981,0.669,0.0878,0.775,0.105,-23.661,0.0489,0.407,71.431,38
261.0,248440,2,1,4,0.429,0.671,0.712,0,0.103,-7.815,0.0476,0.462,113.805,36
262.0,225867,0,1,4,0.986,0.381,0.0943,0.915,0.0906,-24.325,0.04,0.0794,127.71,29
263.0,221493,9,1,4,0.292,0.367,0.701,0.0518,0.276,-6.536,0.0362,0.493,117.494,35
264.0,184880,4,1,4,0.49,0.733,0.533,0,0.171,-6.971,0.0357,0.483,104.506,46
265.0,265627,4,1,4,0.812,0.467,0.34,0.000146,0.38,-10.655,0.0342,0.236,149.049,44
266.0,221493,9,1,4,0.292,0.367,0.701,0.0518,0.276,-6.536,0.0362,0.493,117.494,37
267.0,377267,2,1,4,0.253,0.519,0.581,0.000905,0.0613,-6.9,0.0337,0.518,115.851,36
268.0,186760,0,1,4,0.588,0.514,0.511,0,0.0914,-7.738,0.0264,0.474,150.006,38
269.0,131773,2,1,4,1.87e-06,0.315,0.942,0.000195,0.243,-4.706,0.0776,0.513,108.476,54
270.0,251987,7,0,4,0.0862,0.839,0.72,0.00697,0.0772,-4.135,0.0483,0.203,122.993,42
271.0,252301,5,0,4,0.0462,0.35,0.97,1.47e-05,0.133,-0.358,0.0467,0.239,140.004,38
272.0,244360,4,0,4,0.695,0.445,0.537,1.6e-05,0.0944,-8.532,0.04,0.131,122.764,46
273.0,240333,0,1,4,0.123,0.478,0.633,0,0.41,-6.19,0.0345,0.287,89.909,46
274.0,241760,0,1,4,0.0738,0.503,0.815,0,0.751,-7.824,0.0387,0.452,142.467,35
275.0,244360,4,0,4,0.695,0.445,0.537,1.6e-05,0.0944,-8.532,0.04,0.131,122.764,20
276.0,251987,7,0,4,0.0862,0.839,0.72,0.00697,0.0772,-4.135,0.0483,0.203,122.993,46
277.0,266200,2,1,4,0.148,0.691,0.718,4.71e-05,0.108,-8.457,0.0317,0.934,110.621,46
278.0,284560,2,1,4,0.242,0.655,0.55,0.000139,0.105,-11.044,0.0304,0.53,106.04,53
279.0,203160,11,1,4,0.749,0.558,0.513,0,0.0901,-9.182,0.032,0.772,163.793,36
280.0,225333,7,1,4,0.0229,0.665,0.82,0,0.08,-9.817,0.0359,0.367,105.072,37
281.0,240796,9,1,4,0.00193,0.425,0.733,0.00922,0.171,-6.883,0.0396,0.313,117.985,45
282.0,235400,11,0,4,0.429,0.605,0.868,0.0714,0.0509,-4.519,0.081,0.501,122.045,45
283.0,259240,7,1,4,0.0454,0.503,0.825,1.55e-05,0.714,-7.124,0.0494,0.29,98.404,35
284.0,233351,11,0,0,0.97,0,0.0111,0.466,0.0794,-26.366,0,0,0,36
285.0,259144,1,1,4,0.623,0.645,0.658,1.91e-05,0.107,-6.625,0.0532,0.19,77.021,26
286.0,172817,0,0,4,0.0918,0.779,0.601,0.876,0.0994,-8.209,0.157,0.0676,177.81,28
287.0,344160,10,1,4,0.675,0.551,0.12,0.00114,0.113,-15.684,0.0369,0.0687,126.953,44
288.0,164373,9,1,3,0.594,0.466,0.531,0.000186,0.101,-7.045,0.0329,0.233,133.847,44
289.0,369040,1,0,4,0.103,0.436,0.534,0.00643,0.507,-9.416,0.0773,0.325,122.822,26
290.0,202227,11,0,4,0.305,0.672,0.748,0,0.0811,-5.922,0.0589,0.964,163.984,37
291.0,270893,10,1,4,0.355,0.856,0.755,0.000621,0.145,-5.691,0.0331,0.842,123.883,35
292.0,570203,3,0,4,0.806,0.399,0.999,0.889,0.945,-19.593,0.0371,0.0085,72.763,45
293.0,198547,2,0,4,0.619,0.626,0.414,0,0.104,-10.505,0.0484,0.326,137.123,38
294.0,183213,4,0,5,0.902,0.233,0.468,4.45e-05,0.578,-6.362,0.0298,0.16,95.949,44
295.0,309480,7,1,3,0.442,0.59,0.375,0.00175,0.114,-11.064,0.0271,0.195,113.853,35
296.0,229747,7,1,4,0.854,0.668,0.388,4.37e-06,0.0673,-10.327,0.0292,0.497,122.641,44
297.0,112933,5,1,4,0.0424,0.874,0.643,0.0003,0.0967,-10.383,0.0312,0.797,101.525,37
298.0,142133,7,1,4,0.293,0.612,0.83,0.000161,0.0829,-6.818,0.038,0.905,96.523,17
299.0,288333,8,0,4,0.575,0.624,0.653,0,0.104,-6.582,0.176,0.565,73.884,10
300.0,288838,7,1,4,0.0388,0.712,0.489,0,0.105,-10.11,0.328,0.164,72.813,46
301.0,393427,11,1,4,0.139,0.797,0.891,0.912,0.306,-14.709,0.067,0.698,130.011,43
302.0,214027,10,0,4,0.0192,0.763,0.837,0.811,0.247,-11.823,0.0585,0.858,159.952,43
303.0,259000,0,0,4,0.631,0.36,0.453,0.0686,0.0901,-12.938,0.049,0.0514,139.991,35
304.0,243520,0,1,4,0.00208,0.581,0.75,0.000442,0.109,-7.211,0.0304,0.325,132.195,37
305.0,240000,0,1,4,0.885,0.63,0.242,0.892,0.0904,-16.499,0.0303,0.134,108.023,43
306.0,416413,7,1,4,0.0058,0.806,0.777,0.93,0.11,-7.306,0.0518,0.079,123.007,43
307.0,210480,2,0,4,0.364,0.879,0.617,0.0203,0.117,-5.011,0.231,0.702,124.934,34
308.0,191307,0,0,4,0.312,0.511,0.873,0.000914,0.173,-5.324,0.0289,0.738,135.696,34
309.0,382840,7,1,4,0.0074,0.794,0.873,0.829,0.108,-7.969,0.0401,0.776,127.963,35
310.0,288000,5,1,4,0.000295,0.363,0.942,6.46e-06,0.329,-5.657,0.0605,0.323,163.235,43
311.0,458133,1,0,4,0.061,0.799,0.832,0.932,0.0914,-11.719,0.046,0.118,128.014,35
312.0,220446,3,0,4,0.992,0.0657,0.0739,0.934,0.119,-20.907,0.0454,0.0358,57.31,35
313.0,215053,4,0,4,0.0466,0.765,0.317,0.482,0.124,-12.178,0.0495,0.352,70.918,46
314.0,423680,4,0,4,0.000146,0.756,0.937,0.769,0.0938,-8.074,0.0407,0.307,129.995,42
315.0,239467,1,1,4,0.0536,0.816,0.711,0,0.129,-4.582,0.33,0.53,91.72,8
316.0,386267,2,1,4,0.000734,0.738,0.685,0.829,0.0982,-8.051,0.0488,0.143,128.987,43
317.0,39375,7,1,4,0.000269,0.58,0.853,0.016,0.356,-13.57,0.0869,0.0392,127.987,42
318.0,441600,0,0,4,0.053,0.512,0.565,0.867,0.111,-11.841,0.0356,0.053,125.014,45
320.0,273320,6,1,4,0.0974,0.672,0.62,0.773,0.0993,-8.642,0.0332,0.183,95.024,43
321.0,161067,11,1,4,0.116,0.423,0.95,0,0.324,-3.569,0.0825,0.612,163.874,46
322.0,384173,6,0,4,9.25e-06,0.781,0.912,0.908,0.0877,-7.008,0.0683,0.264,131.015,8
323.0,154827,3,0,4,0.181,0.69,0.959,0,0.364,-2.833,0.298,0.55,88.029,36
324.0,135120,5,1,4,0.487,0.604,0.571,0,0.0937,-9.606,0.225,0.562,124.875,43
325.0,332591,1,1,4,0.825,0.28,0.482,0.891,0.443,-15.975,0.0474,0.364,66.98,34
326.0,379920,10,0,4,0.00327,0.441,0.625,0.537,0.0975,-11.725,0.0362,0.205,108.696,18
327.0,364920,4,0,4,0.131,0.501,0.546,0.361,0.17,-13.82,0.0815,0.775,90.006,42
328.0,475787,5,1,4,0.000773,0.606,0.995,0.816,0.0965,-7.279,0.0435,0.148,140.011,46
329.0,126000,9,0,3,0.963,0.271,0.11,0.876,0.172,-23.762,0.0401,0.0349,115.111,44
330.0,478373,9,0,4,0.00293,0.64,0.995,0.89,0.134,-7.562,0.0488,0.106,138.004,43
331.0,216602,7,0,4,0.114,0.696,0.579,0,0.126,-4.079,0.0322,0.201,116.954,19
332.0,362093,0,0,3,0.814,0.483,0.0448,0.000575,0.116,-15.235,0.0366,0.218,112.794,43
333.0,203573,8,1,4,0.378,0.68,0.571,0,0.103,-7.054,0.222,0.0911,145.021,42
334.0,320000,9,0,4,0.0626,0.367,0.408,0.862,0.0936,-11.691,0.0304,0.0665,120.013,44
335.0,354213,11,0,4,0.198,0.775,0.805,0.111,0.0912,-8.594,0.0518,0.717,114.886,54
336.0,199653,8,0,4,0.145,0.451,0.62,0.0239,0.0677,-5.609,0.0361,0.5,123.487,46
337.0,231427,9,0,4,0.536,0.344,0.468,0.887,0.108,-15.347,0.0477,0.054,120.033,43
338.0,194785,8,1,4,0.369,0.743,0.239,0,0.159,-7.632,0.0384,0.236,93.881,43
340.0,599600,7,0,3,0.988,0.0649,0.067,0.879,0.113,-28.414,0.0468,0.0306,73.07,37
341.0,223413,8,0,4,0.0195,0.706,0.912,0,0.232,-4.44,0.0565,0.925,128.004,34
342.0,224533,11,0,4,0.125,0.813,0.703,1.26e-06,0.237,-5.077,0.268,0.241,94.828,34
343.0,479467,5,0,4,0.612,0.437,0.438,0.393,0.0736,-12.919,0.0444,0.845,174.256,46
344.0,363960,10,1,4,0.75,0.506,0.497,0.905,0.1,-21.268,0.0408,0.0788,145.006,38
345.0,391427,11,1,3,0.194,0.151,0.562,0.923,0.123,-11.455,0.0399,0.0387,136.066,44
346.0,269093,6,1,4,0.000287,0.601,0.773,0.481,0.112,-7.365,0.0318,0.38,122.004,36
347.0,489453,2,1,4,0.136,0.363,0.533,0,0.358,-8.319,0.0314,0.0693,144.005,44
348.0,278987,9,0,4,0.00538,0.652,0.694,0.822,0.196,-11.267,0.0713,0.456,91.007,37
349.0,343853,0,1,4,0.182,0.451,0.429,0.000967,0.094,-11.562,0.0316,0.254,128.401,38
350.0,127910,10,0,4,0.0459,0.49,0.928,0.945,0.338,-3.476,0.082,0.622,121.711,42
351.0,147043,1,1,4,0.169,0.634,0.878,0.463,0.0587,-6.918,0.0314,0.306,160.013,42
352.0,223847,5,0,4,0.0632,0.623,0.493,0,0.104,-7.727,0.0338,0.594,81.019,42
353.0,190483,0,1,4,0.24,0.823,0.744,1.01e-06,0.0533,-5.118,0.0785,0.588,103.087,26
354.0,257384,1,1,5,0.842,0.275,0.466,0.285,0.39,-5.161,0.0302,0.204,111.482,42
355.0,191550,8,1,4,0.0421,0.752,0.66,1.42e-05,0.384,-4.709,0.258,0.799,127.89,43
356.0,179746,7,1,4,0.0944,0.754,0.653,0,0.383,-5.095,0.0611,0.379,123.084,34
357.0,200307,3,1,4,0.525,0.616,0.474,0.19,0.348,-10.096,0.0338,0.918,130.554,43
358.0,260560,5,1,3,0.163,0.54,0.578,0.121,0.255,-11.825,0.0393,0.495,160.052,46
359.0,271893,2,0,3,0.968,0.101,0.0712,0.962,0.109,-24.396,0.044,0.0391,89.266,26
360.0,229373,9,1,4,0.0922,0.643,0.731,0,0.597,-7.215,0.285,0.788,191.84,36
362.0,298655,9,1,4,0.789,0.484,0.309,8.95e-05,0.199,-11.807,0.0323,0.228,108.127,54
363.0,127307,9,1,4,0.825,0.167,0.291,0.227,0.154,-13.586,0.0382,0.036,74.407,52
364.0,304773,1,1,4,0.00639,0.552,0.904,0.886,0.0361,-7.131,0.0714,0.134,124.728,35
366.0,435040,7,1,4,0.0747,0.769,0.898,0,0.0809,-3.68,0.0497,0.796,129.998,26
367.0,192000,0,0,4,0.0148,0.478,0.957,0.000351,0.309,-2.994,0.0451,0.278,149.992,28
369.0,193481,1,1,4,0.0114,0.633,0.818,0,0.259,-5.437,0.0376,0.337,121.975,43
370.0,212040,6,1,4,0.226,0.744,0.397,0,0.124,-9.778,0.0296,0.289,109.841,25
371.0,226720,4,0,4,0.11,0.667,0.805,0,0.132,-3.449,0.24,0.385,184.117,46
372.0,283853,5,0,4,0.0353,0.804,0.924,0.649,0.134,-8.915,0.0602,0.7,119.973,42
373.0,400773,2,1,4,0.00575,0.751,0.894,0.811,0.116,-6.568,0.0568,0.37,129.998,42
374.0,125280,4,0,4,0.162,0.739,0.757,0.856,0.0763,-12.392,0.0496,0.23,90.0,43
375.0,430800,4,0,3,0.16,0.838,0.304,0.0257,0.0828,-9.975,0.0628,0.221,112.618,44
376.0,158407,6,1,4,0.0885,0.892,0.731,3.1e-05,0.121,-6.05,0.207,0.762,146.969,42
377.0,250288,11,0,4,0.1,0.695,0.957,0,0.072,-2.173,0.183,0.705,125.996,45
378.0,56500,4,1,4,0.333,0.778,0.699,5.61e-06,0.467,-6.793,0.034,0.904,120.001,52
379.0,342347,1,0,4,0.00419,0.549,0.67,0,0.441,-4.625,0.0649,0.387,114.904,45
380.0,254787,7,1,4,0.00142,0.552,0.803,0.836,0.174,-8.703,0.0474,0.657,120.027,45
381.0,703000,8,1,4,0.992,0.196,0.0605,0.887,0.409,-21.828,0.0449,0.0356,71.647,34
382.0,304876,6,0,4,0.00029,0.545,0.932,0.0429,0.307,-5.269,0.0404,0.413,135.067,45
384.0,62415,11,0,5,0.85,0.429,0.348,0.926,0.0948,-18.548,0.102,0.054,83.14,44
385.0,273167,5,0,4,0.427,0.627,0.762,0,0.6,-6.932,0.0527,0.216,93.014,45
386.0,213973,6,1,4,0.00047,0.647,0.845,0.746,0.0538,-5.314,0.0309,0.539,130.007,44
387.0,219000,2,0,4,0.436,0.753,0.664,0,0.251,-8.931,0.323,0.65,159.934,38
388.0,229747,6,1,4,0.00377,0.598,0.861,1.27e-05,0.219,-5.125,0.0367,0.376,120.023,52
389.0,294256,7,1,4,0.928,0.644,0.324,0.963,0.0933,-21.811,0.0502,0.523,91.365,26
390.0,240013,1,0,4,0.26,0.812,0.472,0,0.285,-6.806,0.0603,0.457,92.951,44
391.0,387892,0,0,4,0.304,0.739,0.327,0.872,0.0717,-21.067,0.087,0.513,75.026,54
392.0,382160,0,1,4,0.406,0.642,0.845,0.0616,0.0845,-4.764,0.0711,0.77,124.999,33
393.0,255683,9,1,4,0.0235,0.522,0.677,0,0.195,-7.165,0.0831,0.215,135.906,26
394.0,226933,10,0,4,0.00292,0.577,0.872,0.00827,0.346,-7.769,0.0457,0.777,150.066,45
395.0,205387,11,0,4,0.0526,0.443,0.797,0,0.0997,-5.329,0.0351,0.521,123.428,53
396.0,186062,10,0,4,0.155,0.717,0.741,0,0.133,-6.645,0.053,0.188,105.997,44
397.0,211253,1,1,4,0.298,0.77,0.827,0.000357,0.199,-8.754,0.0369,0.888,109.058,28
398.0,111929,11,0,4,0.322,0.719,0.677,0.764,0.115,-10.731,0.0996,0.909,137.978,36
399.0,228690,3,0,4,0.0036,0.658,0.983,0.0189,0.0915,-2.021,0.0534,0.326,126.018,43
400.0,422747,0,1,4,3.18e-05,0.778,0.89,0.925,0.0607,-9.71,0.0686,0.558,141.876,28
